Date,Vector,Title,Snippet,Link,Source
2 days ago,AUTHORITY (Political),"New Epstein files include photos, documents with ...","The Justice Department has released records from the Epstein files, the first documents to come to light under a new law signed by President Trump.",https://www.cbsnews.com/live-updates/epstein-files-released-2025/,CBS News
2 days ago,GEOPOLITICS (The Prize),TikTok deal good for US users? Here's what we know so far.,Oracle and other investors have a deal with TikTok parent ByteDance to own the video app's U.S. operations. But we don't know all the details yet.,https://www.usatoday.com/story/tech/2025/12/21/tiktok-deal-ban-users-impact/87863243007/,USA Today
2 hours ago,GEOPOLITICS (The Prize),New trove of apparent Epstein files posted on DOJ site ...,The Justice Department didn't respond to requests for comment on the new documents or the decision to remove them.,https://www.politico.com/news/2025/12/22/epstein-files-release-justice-department-00704265,Politico
3 days ago,GEOPOLITICS (The Prize),Epstein Release Reveals New Photos but Many Files Are ...,The material includes thousands of documents and hundreds of images related to Jeffrey Epstein. But the Justice Department held back thousands more files ...,https://www.nytimes.com/live/2025/12/19/us/epstein-files-release,The New York Times
3 days ago,GEOPOLITICS (The Prize),"DOJ begins releasing Epstein files, with many heavily ...","Late Friday afternoon, the Justice Department began releasing thousands of pages of files and communications related to Jeffrey Epstein.",https://www.pbs.org/newshour/show/doj-begins-releasing-epstein-files-with-many-heavily-redacted,PBS
3 days ago,GEOPOLITICS (The Prize),Newly released Epstein files include many already public ...,"The Justice Department released some of the Epstein files, including many previously public documents, related to convicted sex offender Jeffrey Epstein's ...",https://www.npr.org/2025/12/19/nx-s1-5615152/epstein-files-release-trump-pam-bondi-democrats,NPR
3 days ago,GEOPOLITICS (The Prize),"December 19, 2025 ‚Äî Jeffrey Epstein files released",The Justice Department has released files tied to convicted sex offender Jeffrey Epstein.,https://www.cnn.com/politics/live-news/jeffrey-epstein-files-released,CNN
3 days ago,GEOPOLITICS (The Prize),Epstein Library,"In view of the Congressional deadline, all reasonable efforts have been made to review and redact personal information pertaining to victims, other private ...",https://www.justice.gov/epstein,Department of Justice (.gov)
3 days ago,GEOPOLITICS (The Prize),China's ByteDance signs deal to form joint venture in step ...,"China's ByteDance signs deal to form joint venture in step to avoid US TikTok ban. By David Shepardson. December 19, 202511:12 AM PSTUpdated December 19, 2025.",https://www.reuters.com/business/american-investor-consortium-acquire-tiktok-us-entity-axios-reports-2025-12-18/,Reuters
4 days ago,GEOPOLITICS (The Prize),TikTok signs deal to sell U.S. unit to American investor group,"TikTok signs deal to give U.S. operations to Oracle-led investor group. December 18, 20257:26 PM ET ... By sidestepping the guardrails Congress set, the national ...",https://www.npr.org/2025/12/18/nx-s1-5648844/tiktok-deal-oracle-trump,NPR
4 days ago,GEOPOLITICS (The Prize),TikTok signs agreement to create new U.S. joint venture ...,"TikTok's U.S. operations will be housed in a new joint venture, according to a memo sent to employees by CEO Shou Zi Chew.",https://www.cnbc.com/2025/12/18/tik-tok-us-sale-china.html,CNBC
4 days ago,GEOPOLITICS (The Prize),Scoop: TikTok signs deal for US unit after yearslong saga,"TikTok has signed a deal to divest its U.S. entity to a joint venture controlled by American investors, per an internal memo seen by Axios.",https://www.axios.com/2025/12/18/tiktok-sale,Axios
4 days ago,GEOPOLITICS (The Prize),TikTok owner signs join venture deal to avoid US ban,"The deal, which is set to close on 22 January, would end years of efforts by Washington to force ByteDance to sell its US operations over national security ...",https://www.bbc.com/news/articles/cgexp1q8wn1o,BBC
4 days ago,AUTHORITY (Political),TikTok signs Trump-backed deal to avoid US ban,"TikTok has reached a deal to form a joint venture that will allow it to continue operating in the US, five years after Donald Trump threatened to ban the social ...",https://www.theguardian.com/technology/2025/dec/18/tiktok-signs-deal-us-entity-sale,The Guardian
4 days ago,GEOPOLITICS (The Prize),Miami waterfront mansion raided by FBI is linked to $230 ...,A source confirmed the raids were part of a grand jury indictment unsealed Thursday related to a $230 million cryptocurrency scam. Agents in Miami arrested ...,https://www.aol.com/news/miami-waterfront-mansion-raided-fbi-150211312.html,AOL.com
4 days ago,GEOPOLITICS (The Prize),"Pilot headed $500M fraud, splurged on mansion, plane & ...",FBI agents found evidence of a crypto wallet during a raid at Biricik's home and learned about an investment account with approximately $1 million that was ...,https://www.detroitnews.com/story/news/local/michigan/2025/12/18/pilot-headed-500m-fraud-splurged-on-mansion-plane-more-feds-say/87716587007/,The Detroit News
4 days ago,GEOPOLITICS (The Prize),Epstein files released by DOJ,"The Department of Justice released some, but not all, of its investigative files about Jeffrey Epstein, the notorious sex predator. The release came on the ...",https://www.cnbc.com/2025/12/19/jeffrey-epstein-files-doj-release-order-maxwell.html,CNBC
4 days ago,GEOPOLITICS (The Prize),"Oracle to run TikTok's U.S. business with Silver Lake, MGX",The new joint venture will prevent TikTok from shutting down in the U.S. due to national security concerns.,https://www.cnbc.com/2025/12/19/oracle-stock-tiktok-us-trump-china.html,CNBC
5 days ago,AUTHORITY (Political),Half Shekel Temple Coin - President Trump / King Cyrus,"I purchased this Half Shekel Temple Coin from Mikdash Educational Center in May 2019 and had it shipped from Israel. It's still brand new, and comes in a ...",https://www.ar15.com/forums/t_7_91/2561634_Half-Shekel-Temple-Coin---President-Trump---King-Cyrus.html,AR15.com
7 days ago,Unclassified,Miami man convicted of laundering more than $300M for ...,"Miami man convicted of laundering more than $300M for drug cartels, feds say. By Kathleen Ditton. December 15, 2025. Share. NEW YORK (WSVN) ‚Äì A Miami resident ...",https://wsvn.com/news/us-world/miami-man-convicted-of-laundering-more-than-300m-for-drug-cartels-feds-say/,WSVN
9 hours ago,AUTHORITY (Political),"CoinMarketCal: The Crypto Calendar (Events, News and ...",The #1 economic calendar for crypto. Track market-moving catalysts. Powered by community insights and enhanced by AI to stay ahead of the market.,https://coinmarketcal.com/en/,CoinMarketCal
"Apr 17, 2022",AUTHORITY (Political),3RD TEMPLE COINS,"According to the Mikdash Educational Center, this coin was minted to express how U.S. President Trump has been part of a historical and divine process towards ...",https://nebula.wsimg.com/c5a7458337611e0fc4dc4fcf98a03286?AccessKeyId=D40106E1331C24ABD7C3&disposition=0&alloworigin=1,wsimg.com
"Apr 28, 2023",AUTHORITY (Political),Comprehensive List of DeFi Hacks & Exploits,"‚ÄúSaddle Finance, a decentralized exchange for trading stablecoins, was hacked in a DeFi exploit today. The unknown hacker carried out the exploit at 07:40 AM ...",https://chainsec.io/defi-hacks/,ChainSec
"Apr 6, 2021",HARDWARE (Ritual),The Altar-Then and Now Part 2-The Altar Today - Canada,The altar is a place where we enter into the ‚Äúfire of the covenant‚Äù[7] and allow that fire to consume the sacrifice of our will.,https://ca.churchofjesuschrist.org/the-altarthen-and-now-part-2the-altar-today,churchofjesuschrist.org
"Apr 7, 2023",Unclassified,State of Morpho Q1 2023,"Morpho's matching engine efficiency reached an all-time high of 58% on February 7, surpassing $220 million in total value matched peer-to-peer.",https://messari.io/report/state-of-morpho-q1-2023,Messari
"Aug 14, 2025",HARDWARE (Ritual),Red Heifer Update: The Truth Behind Israel's Recent ...,"However, Stinson recently conducted a ceremony in July 2025, which involved burning one of the red heifers. A brief five-second clip circulated, sparking ...",https://mycharisma.com/propheticrevival/red-heifer-update-the-truth-behind-israels-recent-ceremony/,Charisma Magazine Online
"Aug 14, 2025",HARDWARE (Ritual),Did We Just Sacrifice a Red Heifer for Real? | Read,"The Practice Ritual ... On July 1, Stinson, in coordination with the Temple Institute, arranged for what was said to be a practice with a disqualified red heifer.",https://ffoz.org/messiah/articles/did-we-just-sacrifice-a-red-heifer-for-real,First Fruits of Zion | FFOZ
"Aug 21, 2025",AUTHORITY (Political),A Single Investor Lost $91M in Bitcoin to a Fake Support ...,"An investor lost 783 BTC, worth about $91.4 million, after a fraudster impersonating a hardware wallet support agent gained access to their wallet, ...",https://www.financemagnates.com/cryptocurrency/a-single-investor-lost-91m-in-bitcoin-to-a-fake-support-scam/,Finance Magnates
"Aug 21, 2025",AUTHORITY (Political),Victim Loses $91M in Bitcoin in Social Engineering Scam,"A fraudster posing as a hardware wallet support agent tricked a victim into handing over wallet credentials, draining 783 BTC.",https://www.coindesk.com/business/2025/08/21/victim-loses-usd91m-in-bitcoin-after-social-engineering-scam-zachxbt,CoinDesk
"Aug 21, 2025",HARDWARE (Ritual),Historic Red Heifer Ceremony: Byron Stinson Reveals Why ...,"On July 1, 2025, a red heifer was sacrificed in Shiloh, Israel, marking the first such event in 2,000 years. Witnessed by a Torah-observant rabbi, this ...",https://mycharisma.com/propheticrevival/historic-red-heifer-ceremony-byron-stinson-reveals-why-this-changes-everything/,Charisma Magazine Online
"Aug 22, 2025",AUTHORITY (Political),Alarming Bitcoin Scam: $91M Heist Exposes Wallet ...,"On August 19, a victim lost 783 BTC, valued at approximately $91 million at the time, to a cunning social engineering attack. The perpetrators didn't use ...",https://www.bitget.com/news/detail/12560604924922,Bitget
"Aug 22, 2025",AUTHORITY (Political),$91 Million Bitcoin Theft Shocks Crypto Community,"On August 19, 2025, 783 BTC ($91.4M) was stolen in a social engineering scam. The scammer posed as support from a crypto exchange and a hardware wallet company.",https://coinfomania.com/91-million-bitcoin-theft-crypto-scam/,Coinfomania
"Aug 22, 2025",AUTHORITY (Political),Bitcoin Investor Defrauded of $91 Million,"On Aug 19, 2025 a victim fell for a social engineering scam and lost 783 BTC ($91M) after exchange and hardware wallet customer support were impersonated. The ...",https://forklog.com/en/bitcoin-investor-defrauded-of-91-million/,ForkLog
"Aug 22, 2025",AUTHORITY (Political),Crypto Scammer Rakes In $91 Million In Complex Social ...,"On August 19, a victim lost 783 Bitcoin (BTC) in a social engineering scam. At the time, the value of the funds comprised $91 million.",https://finance.yahoo.com/news/crypto-scammer-rakes-91-million-112604084.html,Yahoo Finance
"Aug 25, 2025",AUTHORITY (Political),User loses $91 million in Bitcoin to social engineering attack,Blockchain investigator ZachXBT has revealed that a Bitcoin holder lost roughly $91 million in a single transaction this week after falling victim to a ...,https://www.technewshub.co.uk/post/user-loses-91-million-in-bitcoin-to-social-engineering-attack,Tech News Hub
"Aug 8, 2025",HARDWARE (Ritual),Preparing A Red Heifer Ritual To Rebuild The Temple,Numbers 19 explains how the sacred ceremony ‚Äî in which the cow is slaughtered and then burned ‚Äî must take place on the Mount of Olives in Jerusalem with a view ...,https://laeffm.org/2025/08/08/preparing-a-red-heifer-ritual-to-rebuild-the-temple/,Laef FM Vanuatu
"Dec 10, 2022",Unclassified,Mango Market exploit: DeFi loses nearly $900 million to ...,"Despite the bear market, DeFi continues to be heavily targeted by hackers for significant profit. The last 30 days saw major hacks of Wintermute smart contracts ...",https://www.elliptic.co/blog/analysis/mango-market-exploit-defi-loses-nearly-900-million-to-hackers-in-costliest-30-days-on-record,Elliptic
"Dec 11, 2025",HARDWARE (Ritual),Inside the Hunt for the Red Heifer: The Ceremony That ...,"Due to import restrictions, only five could legally enter Israel‚Äîclassified as ‚Äúpets‚Äù‚Äîand arrived in late 2022. Two have since been disqualified. Three ...",https://www.endtime.com/blog/inside-the-hunt-for-the-red-heifer-the-ceremony-that-shocked-israel-2/,Endtime Ministries
"Dec 13, 2025",Unclassified,"FOLKS Token Price, Charts & Market Insights","Dec 13, 2025. 85.87%. All Time Low. The lowest price ever reached by this cryptocurrency. $2.85. Nov 6, 2025. 141.98%. FOLKS price is $6.872, up 63.77% in the ...",https://coinstats.app/coins/folks/,CoinStats
"Dec 20, 2022",HARDWARE (Ritual),Preparation for Building the Third Temple,"- On December 10, 2018, the last evening of Hanukkah, the ‚Äúnascent‚Äù Jewish Sanhedrin consecrated a stone sacrificial altar and performed the daily offering ...",https://www.wayoflife.org/reports/preparation-for-building-the-third-temple.php,Way of Life Literature
"Dec 21, 2021",FINANCE (Black Budget),TEMPLE to USD: TempleDAO Price in US Dollar,"TempleDAO (TEMPLE) is worth $3.84 as of Dec 22, 2025 (about 9 hours ago). There has not been any price movement for TEMPLE since then.",https://www.coingecko.com/en/coins/templedao/usd,CoinGecko
"Dec 4, 2024",HARDWARE (Ritual),Month: December 2024,"The altar was defiled by sacrificing a pig, and the Temple was dedicated to Olympian Zeus. The Jews were forbidden to practice their religion, including rituals ...",https://www.ritmeyer.com/2024/12/,Ritmeyer Archaeological Design
"Dec 5, 2025",FINANCE (Black Budget),Suspected $243M Genesis Hacker May Have Been ...,Onchain investigator ZachXBT said Friday that a British threat actor tied to a $243 million theft from a Genesis creditor on Gemini may have been taken into.,https://financefeeds.com/zachxbt-says-suspected-243m-genesis-hacker-may-have-been-arrested-in-dubai/,FinanceFeeds
"Dec 5, 2025",AUTHORITY (Political),ZachXBT: British Hacker Linked to $243M Genesis Theft ...,"The possible arrest follows months of investigation into the August 19, 2024, theft of 4,064 Bitcoin, worth about $243 million at the time. The funds were taken ...",https://www.yahoo.com/news/articles/zachxbt-british-hacker-linked-243m-182212083.html,Yahoo
"Dec 5, 2025",FINANCE (Black Budget),Crypto sleuth ZachXBT claims British threat actor tied to ...,Onchain security expert ZachXBT claimed that a hacker actor tied to a $243 million theft from a Genesis creditor on Gemini has likely been arrested in Dubai.,https://www.theblock.co/post/381481/crypto-sleuth-zachxbt-claims-british-threat-actor-tied-to-243-million-genesis-creditor-theft-likely-arrested,The Block
"Dec 5, 2025",FINANCE (Black Budget),Danish Zulfiqar possibly arrested - Crypto,A cybercriminal suspected of involvement in crypto asset thefts worth hundreds of millions of USD might have been arrested and had his assets seized.,https://cybernews.com/crypto/suspect-danish-zulfiqar-major-crypto-thefts-may-be-arrested/,Cybernews
"Dec 9, 2022",AUTHORITY (Political),coinspect/learn-evm-attacks,"Past work and further study. DefiHackLabs has a similar repository with more exploits and more focus on the test reproductions alone, with no context or further ...",https://github.com/coinspect/learn-evm-attacks,GitHub
Est. 2018 (Context),AUTHORITY (Political),This 2018 Temple coin was minted by the Israeli Mikdash ...,"This coin was minted to celebrate Israel's 70th Independence Day in 2018 and the U.S. Embassy's relocation to Jerusalem, symbolizing a connection between ...",https://www.instagram.com/p/DLqtdvRskDJ/,Instagram ¬∑ kaypodgee
Est. 2022 (Context),Unclassified,Instantly Synthesizing Counterattack Smart Contract,"0 attack, which happened in October 2022, re- sulted in a considerable ... BNB HACK INU: How Someone. Stole 60 ETH Following the BNB Chain Hack. Cryp ...",https://www.usenix.org/system/files/usenixsecurity23-zhang-zhuo-exploit.pdf,USENIX
Est. 2022 (Context),HARDWARE (Ritual),üö®Whoa!!! Byron Stinson is the Texas rancher who brought ...,"Stinson is the Texas rancher who sent the 5 red heifers to Israel in 2022. This past week the Temple Institute disqualified all the Texas red heifers, but ...",https://www.facebook.com/YeshuaOfficial/posts/whoa-byron-stinson-is-the-texas-rancher-who-brought-the-red-heifers-to-israelbyr/1316374263393889/,Facebook ¬∑ Yeshua
Est. 2022 (Context),HARDWARE (Ritual),The Relevance of Sacrifices in Christian Faith,"Stinson is the Texas rancher who sent the 5 red heifers to Israel in 2022. This past week the Temple Institute disqualified all the Texas red heifers, but in a ...",https://www.facebook.com/groups/1349070089314462/posts/1796761224545344/,Facebook ¬∑ Fulfilled Prophecies
Est. 2023 (Context),FINANCE (Black Budget),British threat actor 'Danish Zulfiqar' rumored to have been ...,"Khan, linked to major cybercrimes including a $243M Genesis theft and the 2023 Kroll SIM swap, allegedly operated with co-conspirators using social engineering ...",https://www.reddit.com/r/CryptoCurrency/comments/1pet2h6/british_threat_actor_danish_zulfiqar_rumored_to/,Reddit ¬∑ r/CryptoCurrency
Est. 2023 (Context),FINANCE (Black Budget),The British threat actor Danny / Meech aka Danish Zulfiqar ...,"Danny was also involved in the Kroll SIM Swap from Aug 2023 that compromised the PII of BlockFi, Genesis, & FTX creditors that has since lead to $300M+ stolen ...",https://www.instagram.com/p/DR3xp0EDLH1/,Instagram
Est. 2024 (Context),FINANCE (Black Budget),The Biggest Crypto Scams of 2024,$243 Million Stolen in Largest Social Engineering Phishing Heist to Date ... The victim was a creditor of the defunct crypto trading firm Genesis. On ...,https://medium.com/coinmonks/the-biggest-crypto-scams-of-2024-0bc452327b97,Medium ¬∑ SYNCRONE I DeFi PMS
Est. 2024 (Context),FINANCE (Black Budget),Dark Web Informer,ZachXBT identified Danny as part of the $243M Genesis Creditor theft in August 2024. He has also been tied to the 2023 Kroll SIM swap that exposed creditor data ...,https://x.com/DarkWebInformer/status/1996987797329133955,X ¬∑ DarkWebInformer
Est. 2025 (Context),FINANCE (Black Budget),üìøMaster of Foldingüìø | ‚òÄÔ∏èTempleDAO‚òÄÔ∏è (@luxaverse) / ...,"Outside of buying back 3%+ of SKY token supply since February 2025, the Sky protocol has distributed $8M+ USDS to SKY stakers this past month alone. At time of ...",https://x.com/luxaverse,X ¬∑ luxaverse
Est. 2025 (Context),Unclassified,arXiv:2502.03718v1 [cs.CR] 6 Feb 2025,"This typically involves three steps: i) the attacker uses a large amount of token A to exchange for token B in the liquidity pool, causing the price of token B.",https://arxiv.org/pdf/2502.03718,arXiv
"Feb 23, 2025",Unclassified,The Temple Institute of Jerusalem - Learn About the Temple ...,"The Temple Institute is dedicated to making the Holy Temple a reality in our day, and toward this end, the Temple Institute has, for 36 years, been building ...",https://templeinstitute.org/,Temple Institute
"Feb 27, 2025",GEOPOLITICS (The Prize),DOJ Disclosures,DOJ Disclosures ¬∑ Epstein Files Transparency Act (H.R.4405) ¬∑ First Phase of Declassified Epstein Files ¬∑ BOP Video Footage ¬∑ Maxwell Proffer ¬∑ Memoranda and ...,https://www.justice.gov/epstein/doj-disclosures,Department of Justice (.gov)
"Feb 28, 2024",AUTHORITY (Political),The Face of Christian Authoritarianism: Giving to Trump ...,"The coin, which was sold for $45, featured Donald Trump's profile alongside King Cyrus, the ancient Persian ruler who returned the tribes of Judah out of exile.",https://www.liberalcurrents.com/the-face-of-christian-authoritarianism-giving-to-trump-what-is-trumps/,Liberal Currents
"Jan 19, 2024",AUTHORITY (Political),Rare Ancient Silver Coin found During Dig in Hills Near ... - CBN,"The coin is from the First Temple period (Solomon's Temple), 2,550 years ago, during the Persian rule of King Cyrus. It was discovered during an excavation ...",https://cbn.com/news/israel/rare-ancient-silver-coin-found-during-dig-hills-near-jerusalem,cbn.com
"Jan 4, 2025",FINANCE (Black Budget),Phishing Scams Dominate Crypto in 2024,"Another case in August saw a creditor from Genesis lose $243 million. Scammers impersonated Google and Gemini support staff, tricking the victim into ...",https://www.cryptoninjas.net/news/phishing-scams-dominate-crypto-what-we-learned-about-security/,CryptoNinjas
"Jul 11, 2025",HARDWARE (Ritual),Evangelicals rehearse ancient red heifer ritual linked to ...,"JERUSALEM (RNS) ‚Äî Organizers said the ceremony must be performed before the Jewish Temple can be rebuilt in Jerusalem, ushering in a messianic age of peace.",https://religionnews.com/2025/07/11/practice-run-of-red-heifer-ceremony-meant-to-pave-the-way-for-a-new-temple-held-in-jerusalem/,RNS | Covering the world of religion.
"Jul 16, 2022",Unclassified,Templar DAO Price Chart (TEM),"This represents a 0.42% price increase in the last 24 hours and a 2.44% price increase in the past 7 days. If you're looking for the market cap of Templar DAO, ...",https://www.coingecko.com/en/coins/templar-dao,CoinGecko
"Mar 5, 2025",HARDWARE (Ritual),End Times Prophecy: What the Red Heifers Mean for ...,"Opinions among the rabbis vary on this issue, but efforts have been made in the past to import Red Angus cow embryos for the sake of the Israel red heifer ...",https://mycharisma.com/news/end-times-prophecy-what-the-red-heifers-mean-for-the-future/,Charisma Magazine Online
"May 20, 2024",FINANCE (Black Budget),"TempleDAO Price: TEMPLE Live Price Chart, Market Cap ...","TEMPLE Historical Price. 24h Range, $3.82 ‚Äì $3.91. 7d Range, $3.83 ‚Äì $3.92. All-Time High. $4.11 6.6%. Nov 21, 2025 (about 1 month) ... Market cap is measured by ...",https://www.coingecko.com/en/coins/templedao,CoinGecko
"May 26, 2024",HARDWARE (Ritual),"The Red Heifer, Christian Zionism, and the Dangers Of Now","Five red heifers arrived in Israel on Sept. 15, 2022. Boneh Israel is a Christian Zionist organization focused on rebuilding the Third Temple and ""and actively ...",https://www.lifeisasacredtext.com/heifer/,Life is a Sacred Text
"May 7, 2025",HARDWARE (Ritual),High Priest and Third Temple in Jerusalem,Public dedication of the sacrificial altar in 2018. Prophetic Implications. The appointment of a high priest as a prophetic sign. Connection to biblical ...,https://coconote.app/notes/ec052626-532f-443a-9318-be12c8993fe3,Coconote
"May 9, 2025",HARDWARE (Ritual),Transcript for: High Priest and Third Temple in Jerusalem,... temple service. Rabbi Cahain has overseen practice ceremonies including the dedication of the life-siz sacrificial altar held publicly in December 2018.,https://coconote.app/notes/ec052626-532f-443a-9318-be12c8993fe3/transcript,Coconote
"Nov 12, 2023",AUTHORITY (Political),2018 70 Years King Cyrus Donald Trump Jewish Temple ...,"Special edition for the Trump Declaration. :The biblical verses on the coin declare the proclamation of Cyrus, king of Persia, and the word of the Lord. See ...",https://www.ebay.com/itm/285550346493,eBay
"Nov 21, 2024",AUTHORITY (Political),Trump picks shed light on Christian Zionists' dark fealty to ...,"According to the Times of Israel, someone in Tel Aviv did just that. In February 2018 an Israeli organization, the Mikdash Educational Center, minted a Temple ...",https://en.majalla.com/node/323153/politics/trump-picks-shed-light-christian-zionists-dark-fealty-israel,Al Majalla
"Nov 26, 2025",AUTHORITY (Political),The Last Days of History,"In February 2018 an Israeli organization, the Mikdash Educational Center, minted a Temple coin bearing the image of Donald Trump aside King Cyrus, a Persian ...",https://www.betemunah.org/trump.html,betemunah.org
"Nov 3, 2022",FINANCE (Black Budget),comments-on-digital-assets-and-illicit-finance.pdf,"... TempleDAO exploit and the BitKeep hack, quickly funneled ... 21 Shalini Nagarajan, Blockworks, ‚ÄúTempleDAO Hacked Funds Deposited to Tornado Cash‚Äù (October 17, ...",https://www.icba.org/docs/default-source/icba/advocacy-documents/letters-to-regulators/comments-on-digital-assets-and-illicit-finance.pdf?sfvrsn=b4981417_0,Independent Community Bankers of America - ICBA
"Oct 13, 2025",AUTHORITY (Political),Many Israelis Call Trump 'The Cyrus of Our Time.' Who ...,"The Cyrus Cylinder, discovered in Babylon and inscribed with his decree of freedom for conquered peoples, is often regarded in Iran as an early declaration of ...",https://iranwire.com/en/features/145512-many-israelis-call-trump-the-cyrus-of-our-time-who-was-cyrus-the-great/,IranWire
"Oct 13, 2025",AUTHORITY (Political),Israelis are comparing Trump to Cyrus the Great ‚Äì again,"At the time a Jewish Israeli group, the Mikdash Educational Center, started selling commemorative coins imposing Trump's face over Cyrus's. The Cyrus ...",https://www.clevelandjewishnews.com/jta/israelis-are-comparing-trump-to-cyrus-the-great-again/article_fb7944e0-d0b1-54a7-9056-bf9f89a36d0d.html,Cleveland Jewish News
"Oct 14, 2025",AUTHORITY (Political),Trump earns fresh comparisons to Cyrus the Great as last ...,"At the time a Jewish Israeli group, the Mikdash Educational Center, started selling commemorative coins imposing Trump's face over Cyrus's. The Cyrus ...",https://www.timesofisrael.com/trump-earns-fresh-comparisons-to-cyrus-the-great-as-last-living-hostages-return-home/,The Times of Israel
"Oct 17, 2022",FINANCE (Black Budget),TempleDAO Hacked Funds Deposited to Tornado Cash,"TempleDAO Hacked Funds Deposited to Tornado Cash ¬∑ Hack amounted to 4% of TempleDAO's assets ¬∑ Tornado Cash is a sanctioned entity in the US, meaning individuals ...",https://blockworks.co/news/templedao-hacked-funds-deposited-to-tornado-cash,Blockworks
"Oct 17, 2022",FINANCE (Black Budget),TempleDAO hacker moves assets to Tornado Cash,"The protocol team promised to return the funds to affected users. The hacker initially sent a 0.1 ETH transaction to the mixer service, and then made several ...",https://forklog.com/en/templedao-hacker-moves-assets-to-tornado-cash/,ForkLog
"Oct 17, 2024",AUTHORITY (Political),"Bitcoin theft tied to kidnapping, luxury cars and bar bills",The kidnapping of a Connecticut couple has been linked to one of the biggest thefts of cryptocurrency from an individual in United States history.,https://www.cnbc.com/2024/10/17/cryptocurrency-theft-google-kidnapping-lamborghi-bar-.html,CNBC
"Oct 18, 2024",GEOPOLITICS (The Prize),South Florida mansion raid part of larger cocaine probe: FBI,"An FBI raid Wednesday on a sprawling, multi-million dollar mansion in Aventura was part of a widescale federal operation to take down a transnational cocaine ...",https://www.miamiherald.com/news/local/community/miami-dade/aventura/article294122259.html,Miami Herald
"Oct 2, 2024",AUTHORITY (Political),MetaMask Security Monthly: September 2024,"Federal agents have arrested 2 individuals for orchestrating a US$243 million Bitcoin theft from a Washington, D.C. resident, believed to be a Genesis creditor.",https://metamask.io/news/metamask-security-monthly-september-2024,MetaMask
"Oct 23, 2025",AUTHORITY (Political),"Top Crypto Hacks, Scams and Exploits in 2025 (So Far)","On Aug. 19, 2025, an individual Bitcoin investor lost 783 BTC ($91 million) to a social-engineering and phishing attack. The scammers ...",https://www.ccn.com/education/crypto/crypto-hacks-exploits-full-list-scams-vulnerabilities/,CCN.com
"Oct 24, 2024",AUTHORITY (Political),"Meet ZachXBT, the Masked Vigilante Tracking Down ...","Oct 24, 2024 5:00 AM. Meet ZachXBT, the Masked Vigilante Tracking Down Billions in Crypto Scams and Thefts. He just untangled a $243 million bitcoin theft ...",https://www.wired.com/story/meet-zachxbt-243-million-crypto-theft/,WIRED
"Oct 26, 2021",Unclassified,Temple DAO,$64.11M. Treasury Value. Price History. 1D1W1M1Y. Nov 22nd Dec 1st Dec 9th Dec 21st 2.095 2.595 3.095 4.064. Temple price (USD); Treasury price index (USD) ...,https://templedao.link/,Temple DAO
"Oct 27, 2022",Unclassified,"Another day, another few hacks. That's the current state of ...","Another day, another few hacks. That's the current state of crypto. Crypto projects are getting hacked almost every other week and losing millions of dollars.",https://www.bankfrick.li/en/news-and-insights/another-day-another-few-hacks-thats-the-current-state-of-crypto,Bank Frick
"Oct 3, 2022",HARDWARE (Ritual),Red heifers and red herrings - David's Tent,"These were raised and brought to Israel with the help of Byron Stinson, a Texas rancher, fundraiser and advisor for the Boneh Israel organization. Stinson ...",https://davidstent.org/red-heifers-and-red-herrings/,davidstent.org
"Sep 11, 2023",HARDWARE (Ritual),Red Heifer Project: Israel Government Part of Plan to Build ...,"In a press release, Boneh Israel and the Temple Institute claim they received permission to import the cows through the Ministry of Agriculture. The Ministry of ...",http://alwaght.net/en/News/243230/Red-Heifer-Project-Israel-Government-Part-of-Plan-to-Build-Temple-at-Al-Aqsa,ŸÖŸàŸÇÿπ ÿßŸÑŸàŸÇÿ™
"Sep 16, 2025",AUTHORITY (Political),70-Year Redemption Commemorative Temple Coin,"Minted on Israel's 70th anniversary and connects the mandates of Cyrus & Trump. This collectible Temple Coin is available in solid .999 silver, ...",https://www.temple-coins.com/products/70-years-israel-redemption-memorabilia?srsltid=AfmBOopjvxm2YcgpPOwj6r_06Zb-9lYIzr9BvxEYLhuOcMbmplvDEK8t,Temple Coins
"Sep 16, 2025",AUTHORITY (Political),70-Year Redemption Commemorative Temple Coin,"The conjoined profiles of King Cyrus the Great of Persia (left) and the 45th U.S. President, Donald Trump (right), form the coin's central image. Cyrus's Edict ...",https://www.temple-coins.com/products/70-years-israel-redemption-memorabilia?srsltid=AfmBOopmkpiZwgkgt_H7idrYdciASWSyA8WVDzcIS7608GvnePsVmt9a,Temple Coins
"Sep 19, 2024",AUTHORITY (Political),Hackers Steal $243 Million in Bitcoin Scam,Blockchain detective ZachXBT has exposed another set of hackers who used a social engineering scam to steal over $240 million in Bitcoin from a wealthy victim.,https://www.binance.com/en/square/post/13765112510986,Binance
"Sep 19, 2024",FINANCE (Black Budget),Blockchain sleuth ZachXBT alleges three attackers ...,"ZachXBT alleges that on Aug. 19, 2024, three alleged perpetrators ‚Äî Greavys (Malone Iam), Wiz (Veer Chetal), and Box (Jeandiel Serrano) ‚Äî stole $243 million ...",https://www.theblock.co/post/317349/blockchain-sleuth-zachxbt-alleges-three-perps-involved-in-243-million-theft-of-single-genesis-creditor,The Block
"Sep 19, 2024",FINANCE (Black Budget),Indictment Charges Two in $230 Million Cryptocurrency ...,"According in the indictment, since at least August 2024, Lam, Serrano, and others conspired to carry out cryptocurrency thefts and to launder the stolen ...",https://www.justice.gov/usao-dc/pr/indictment-charges-two-230-million-cryptocurrency-scam,Department of Justice (.gov)
"Sep 20, 2022",HARDWARE (Ritual),From Texas to Israel: Red heifers needed for Temple arrive,"Five perfectly red heifers, required for the ritual purification of those who have touched a dead body, arrived in Israel from a ranch in Texas on Thursday.",https://www.jpost.com/judaism/article-717650,The Jerusalem Post
"Sep 20, 2024",FINANCE (Black Budget),"20-year-old, co-conspirator charged in $230M ...","20-year-old, co-conspirator charged in $230M cryptocurrency theft following FBI raid of Miami mansion ... Taking place on Tuesday, November 18, 2025, in ...",https://ksltv.com/crime-public-safety/20-year-old-co-conspirator-charged-in-230m-cryptocurrency-theft-following-fbi-raid-of-miami-mansion/683756/,KSLTV.com
"Sep 20, 2024",GEOPOLITICS (The Prize),2 Stole $230 Million in Cryptocurrency and Went on a ...,"A waterfront mansion near Miami Shores, Fla., was raided by the F.B.I. on Wednesday night in connection with an investigation into cryptocurrency fraud.",https://www.nytimes.com/2024/09/20/us/crypto-fraud-arrests.html,The New York Times
"Sep 20, 2024",AUTHORITY (Political),Genesis Creditor Loses $243M Bitcoin In Crypto Phishing ...,"On August 19, 2024, a Genesis creditor was targeted in a sophisticated social engineering heist by Greavys, Wiz, and Box.",https://coingape.com/genesis-creditor-loses-243m-bitcoin-in-crypto-phishing-heist-heres-all/,CoinGape
"Sep 25, 2025",GEOPOLITICS (The Prize),Saving TikTok While Protecting National Security,"On June 19, 2025, I issued Executive Order 14310 (Further Extending the TikTok Enforcement Delay), further delaying the Act's enforcement until September 17, ...",https://www.whitehouse.gov/presidential-actions/2025/09/saving-tiktok-while-protecting-national-security/,The White House (.gov)
"Sep 5, 2025",AUTHORITY (Political),Second Temple,"Following this campaign, the Persian king Cyrus the Great issued the ""Edict of Cyrus"" (sometimes identified with the Cyrus Cylinder), which is described in ...",https://en.wikipedia.org/wiki/Second_Temple,Wikipedia
"Sep 7, 2025",AUTHORITY (Political),The 5 Biggest Cybersecurity Stories for August 2025 in ...,The largest incident involved a sophisticated scam that drained 783 Bitcoin (around $91 million) ... Credential Theft Surges 160% in 2025. According to Check ...,https://nwajtech.com/5-biggest-cybersecurity-stories-for-august-2025/,Nwaj Tech
"Sep 9, 2025",FINANCE (Black Budget),Millions Gone in a Phone Call: The Latest Social ...,"A person with $91 million on the line was tricked into handing it all over. On August 19, 2025, the victim thought he was speaking with support staff from a ...",https://www.secretsofprivacy.com/p/millions-gone-in-a-phone-call-the-latest-social-engineering-scam,Secrets of Privacy
Undated,Unclassified,LATEST INFO: A 20-year-old man and his co-conspirator have ...,A 20-year-old man and his co-conspirator have been charged with conspiracy to steal and launder over $230 million in cryptocurrency.,https://www.instagram.com/reel/DAIwX4-vlz8/?hl=en,Instagram ¬∑ wsvn
Undated,HARDWARE (Ritual),A rare red heifer ritual was carried out on a remote hilltop ...,"A rare red heifer ritual was carried out on a remote hilltop in northern Israel earlier this month, backed by Texas businessman Byron Stinson. For some ...",https://www.facebook.com/ChurchLeaders/posts/a-rare-red-heifer-ritual-was-carried-out-on-a-remote-hilltop-in-northern-israel-/1193759422786167/,Facebook ¬∑ Church Leaders
Undated,Unclassified,"20-year-old, co-conspirator charged in $230M cryptocurrency ...","A 20-year-old man and his co-conspirator have been charged with conspiracy to steal and launder over $230 million in cryptocurrency, and federal authorities ...",https://www.youtube.com/watch?v=s9ENa6BZXgg,YouTube ¬∑ WSVN-TV
Undated,AUTHORITY (Political),Ancient Jewish coin confirms Israel's historical presence,"In 538 BC, under Persian King Cyrus, many Jews returned to rebuild Jerusalem ... Each coin was imprinted with an eight-point star and features an inscription ...",https://www.facebook.com/groups/434782062983116/posts/709638352164151/,Facebook ¬∑ Biblical Truth and Evidence
Undated,Unclassified,SoK: Attacks on DAOs,"The original (unforked) blockchain still operates today and is known as Ethereum Classic. Notably, even before the fatal hack, other possible attacks on The.",https://arxiv.org/pdf/2406.15071,arXiv
Undated,AUTHORITY (Political),This is one of the first Jewish coins ever minted - struck in ...,"It features King Cyrus of Persia, who, over 2,500 years ago, allowed Jews ... The coin's design includes a menorah, the Temple, the Lion of Persia, the ...",https://www.instagram.com/reel/DQ-Cd1REWv5/,Instagram ¬∑ joydiana7
Undated,FINANCE (Black Budget),Police believe an overseas drug lord ordered the execution ...,The British threat actor Danny / Meech aka Danish Zulfiqar (Khan) appears to have likely been arrested by law enforcement and had crypto assets seized.,https://www.instagram.com/reel/Ca6i0zgBjxU/,Instagram ¬∑ 7newssyd
Undated,FINANCE (Black Budget),The law has reportedly caught up with a major player in the ...,The British threat actor Danny / Meech aka Danish Zulfiqar (Khan) appears to have likely been arrested by law enforcement and had crypto assets seized.,https://www.instagram.com/reel/DSIDj11k6IX/,Instagram
Undated,AUTHORITY (Political),Most people have no idea that the modern Israeli shekel ...,"It features King Cyrus of Persia, who, over 2,500 years ago, allowed Jews ... The coin's design includes a menorah, the Temple, the Lion of Persia, the ...",https://www.instagram.com/p/DRfNzbNjGox/,Instagram ¬∑ amit.even.coins
Undated,AUTHORITY (Political),Genesis Bitcoin theft suspect Danish Zulfiqar has ...,"Genesis Bitcoin theft suspect Danish Zulfiqar has reportedly been arrested in Dubai, marking a major breakthrough in a $243 million crypto heist investigation.",https://www.instagram.com/p/DR5GbZdiIiw/,Instagram
Undated,AUTHORITY (Political),üî∑ *New Israeli Coin Minted to Honor President Trump's ...,"The coin's design includes a menorah, the Temple, the Lion of Persia, the Great Seal of the U.S., and a dove with an olive branch, representing faith, peace, ...",https://www.instagram.com/reel/DPv-7jZjTS_/,Instagram ¬∑ deafempowerment
Undated,FINANCE (Black Budget),Karon Pangestu - crypto #blockchain,Suspect in $243M Genesis Heist Likely Arrested Crypto investigator Zachxbt says a British threat actor linked to the $243M Genesis creditor theft may have,https://www.linkedin.com/posts/pangestukaron_crypto-blockchain-activity-7403795565873946624-JZRL,LinkedIn ¬∑ Karon Pangestu
"december 10, 2018 (Extracted)",HARDWARE (Ritual),The Temple Institute,"On December 10, 2018, this altar was temporarily assembled at the base of the Temple Mount and dedicated by burning an offering on it. The local authorities ...",https://www.facebook.com/templeinstitute/posts/school-kids-learning-about-the-golden-menoraha-field-trip-to-jerusalems-old-city/1129541845871778/,Facebook ¬∑ The Temple Institute
"december 10, 2018 (Extracted)",HARDWARE (Ritual),Messianic settlers are training Kohanim (Jewish priests) to ...,"On December 10, 2018, this altar was temporarily assembled at the base of the Temple Mount and dedicated by burning an offering on it. The local authorities ...",https://www.facebook.com/PeaceNowIsrael/posts/messianic-settlers-are-training-kohanim-jewish-priests-to-serve-in-the-third-tem/1148758097296326/,Facebook ¬∑ Peace Now
"december 10, 2018 (Extracted)",HARDWARE (Ritual),Israel's Temple Institute announced a HUGE STEP to,"On December 10, 2018, this altar was temporarily assembled at the base of the Temple Mount and dedicated by burning an offering on it. The local authorities ...",https://www.facebook.com/groups/574546586762794/posts/1444765839740860/,Facebook ¬∑ BOOK OF REVELATION
"january 1, 2024 (Extracted)",Unclassified,"Orbit Chain Crypto Finance Platform Hacked, $81 Million ...","Usapang Crypto Attacks naman tayo. Delete lang if di pwede: A crypto finance platform called Orbit Chain was hacked on January 1, 2024 resulting in...",https://www.facebook.com/groups/pitsf/posts/25018117047773571/,Facebook ¬∑ Philippine IT Security Forums
"july 1, 2025 (Extracted)",HARDWARE (Ritual),"More important info below! On July 1, 2025, a red heifer ...","Posted July 2025: More important info below! On July 1, 2025, a red heifer ceremony was carried out in Israel. The Temple Institute has since declared...",https://www.facebook.com/EndtimeInc/posts/posted-july-2025-more-important-info-belowon-july-1-2025-a-red-heifer-ceremony-w/1223458526485248/,Facebook ¬∑ Endtime Ministries
"nov 5, 2023 (Extracted)",AUTHORITY (Political),Mikdash Educational Center,"Israeli group mints Trump coin to honor Jerusalem recognition. Mikdash Educational Center. Nov 5, 2023Û∞ûãÛ±ü†. Û∞üù. HELP THEM HAVE A NORMAL DAY :( https://www.jgive ...",https://www.facebook.com/MikdashEducationalCenter/photos/d41d8cd9/827606429369423/,Facebook
