date,description,year
2015-05-29,Emirati CEO emails Epstein requesting connection to Elon Musk.,2015
2016-01-01,"Ongoing Epstein unseals expose MIT/elite tech ties (Gates, Hoffman donations).",2016
2017-11-27,Planned lunch with Peter Thiel noted in Epstein's schedule.,2017
2019-02-16,Breakfast with Steve Bannon noted in Epstein's schedule.,2019
2019-07-02,"Maxwell arrested on Epstein conspiracy charges, sparking unseals.",2019
2019-07-06,Epstein arrested at Teterboro Airport upon return from France.,2019
2019-07-07,Facilities assistant emails Psychology Dept about Epstein access removal.,2019
2019-07-08,Epstein arraigned in federal court per records.,2019
2020-07-02,"Maxwell arrested, sparking further unseals and elite probes.",2020
2020-09-19,Trump approves Oracle-Walmart TikTok bid as trusted US tech partner.,2020
2020-09-25,TikTok Global setup with Oracle stake; board approvals.,2020
2024-03-28,Epstein island visitor leaks; Musk loosely tied via data brokers.,2024
2024-11-12,"House Oversight releases 20,000 records from Epstein estate, including emails.",2024
2024-12-01,Oracle deepens AI custody with OpenAI cloud deals and Ampere acquisition.,2024
2025-04-24,Biden signs TikTok divestiture law (sell or ban by Jan 2026).,2025
2025-06-05,"Musk exits DOGE, claims Trump in Epstein files suppressing release.",2025
2025-06-06,"White House/DOJ downplays files, cites seals amid Musk claims.",2025
2025-06-07,"Musk deletes posts, expresses regret over Epstein claims.",2025
2025-06-11,Musk apologizes for posts claiming Trump in Epstein files.,2025
2025-07-07,"DOJ memo states no client list, no murder evidence.",2025
2025-09-25,Trump EO certifies Oracle as TikTok US trusted security partner.,2025
2025-09-26,Democrats release Epstein docs mentioning Musk island trip (denied).,2025
2025-09-27,"Netanyahu calls social media ""ultimate weapon,"" names TikTok/X, plans Musk talks.",2025
2025-11-12,"Democrats release 20,000 Epstein estate records, including emails.",2025
2025-11-18,House passes Epstein Files Transparency Act (427-1 vote).,2025
2025-12-17,Timeline of Epstein records releases; political roil continues.,2025
2025-12-18,TikTok signs deal to sell US unit to Oracle-led group.,2025
2025-12-19,"DOJ releases partial Epstein files with redactions (13,000+ docs).",2025
2025-12-20,"DOJ releases additional tranche, including grand jury materials.",2025
2015-01-01,"China launches the ""Internet Plus"" initiative, integrating AI and big data into traditional industries like manufacturing, marking an early policy push for AI-driven economic transformation.",2015
2015-01-01,Early Vision 2030 drafts identify AI as key to non-oil GDP growth.,2015
2015-01-01,"U.S. National Science Foundation (NSF) AI Research Funding Report. The NSF released its annual report on AI investments, allocating over $100 million for basic research in machine learning and robotics. It emphasized U.S. leadership amid growing investments in China, which was ramping up state-backed AI programs. (Source: NSF Annual Report 2015)",2015
2015-02-01,"Russian scientists launch brain modeling project inspired by U.S./EU initiatives, aiming to simulate neural malfunctions for Alzheimer's research.",2015
2015-03-01,"Over 40% of top global AI academic papers feature Chinese researchers, signaling China's rising research prowess amid a surge in domestic publications.",2015
2015-03-01,"Aramco pilots AI for predictive maintenance, cutting downtime 20%.",2015
2015-03-01,"DARPA Robotics Challenge Finals Report. DARPA's report on the Robotics Challenge highlighted U.S. advancements in AI-driven humanoid robots for disaster response, with teams from Japan (e.g., SCHUNK) collaborating on hardware. No direct mentions of Saudi Arabia or Russia, but it noted China's entry into similar competitions. (Source: DARPA Official Report)",2015
2015-04-01,"Defense Ministry tests AI-enhanced UAVs in Syria for ceasefire monitoring, early military AI deployment.",2015
2015-05-01,"Chinese provinces begin offering incentives for AI startups, including tax breaks and funds, with Shenyang allocating 20 billion yuan (~$3B) for robotics R&D.",2015
2015-05-01,"KAUST launches AI research center, focusing on Arabic NLP.",2015
2015-05-01,"White House Big Data Report Update. An extension of the 2014 Big Data report, this OSTP publication discussed AI's role in data analytics for public policy. It referenced Russia's early use of AI in cybersecurity and China's data collection scale as benchmarks for U.S. strategy. (Source: Obama White House Archives)",2015
2015-06-01,"Sberbank begins AI roadmap development, coordinating with Yandex on national strategy.",2015
2015-07-01,"Baidu and other firms ramp up facial recognition tech, laying groundwork for a national database system that would later integrate AI for surveillance.",2015
2015-07-01,GlobalFoundries closed acquisition of IBM Microelectronics receiving $1.5B payment from IBM plus East Fishkill and Essex Junction fabs and 10-year supply agreement,2015
2015-07-01,"MIT Technology Review - AI in Healthcare Report. MIT's annual tech report covered U.S. AI applications in diagnostics, citing collaborations with Japanese firms like Sony on imaging tech. It warned of China's rapid AI patent filings in biotech surpassing U.S. rates. (Source: MIT Technology Review 2015 Edition)",2015
2015-07-01,"PIF allocates initial $1B for tech diversification, including AI startups.",2015
2015-08-01,"Deloitte State of AI in Financial Services Report. Deloitte's U.S.-focused analysis predicted AI would boost banking efficiency by 20-30%, drawing parallels to Japan's robotic automation in finance. Limited international ties, but noted Russia's AI use in fraud detection. (Source: Deloitte Insights 2015)",2015
2015-08-01,"Cyber attacks like BlackEnergy on Ukraine highlight AI's role in offensive tools, prompting domestic R&D boost.",2015
2015-09-01,"Center for Data Innovation - AI Economic Impact Study. This think tank report estimated AI could add $2-4 trillion to U.S. GDP, comparing it to China's ""Made in China 2025"" plan for AI dominance. It highlighted Japan's strengths in industrial AI. (Source: Center for Data Innovation Publications)",2015
2015-10-01,National Academies - AI and Automation Workshop Report. A National Academies summary on AI's labor impacts referenced Russia's state AI investments for military automation and China's workforce displacement risks from AI. (Source: National Academies Press 2015 Proceedings),2015
2015-10-01,Smart city plans in NEOM incorporate AI for traffic/energy mgmt.,2015
2015-10-01,"Putin emphasizes AI for ""cyberspace dominance,"" allocating initial 10B rubles (~$150M) for info ops tech.",2015
2015-10-01,"State-backed investments in AI exceed $110B cumulatively since early 2010s, focusing on core tech like machine learning to support ""Made in China 2025"" industrial plan.",2015
2015-11-01,"Forrester Future of Jobs Report. Forrester's U.S. report forecasted AI creating 8.5 million jobs by 2020, with sections on Japan's ""Society 5.0"" AI integration and China's export of AI surveillance tech. (Source: Forrester Research 2015)",2015
2015-12-01,"Future of Life Institute - Top AI Breakthroughs Report. FLI's year-end report detailed U.S. advances in deep learning, including DeepMind's work (U.S.-UK collab) and noted China's AI investments outpacing Russia's in scale. (Source: Future of Life Institute 2015 Summary)",2015
2015-12-01,"ARK Invest - Artificial Intelligence Took Off Report. ARK's analysis showed U.S. AI accuracy in computer vision jumping to 96% via GPUs, contrasting with Japan's hardware contributions (e.g., NVIDIA partnerships) and China's data-driven leaps. (Source: ARK Invest 2015 Research) United States AI/Tech Reports in 2016 For 2016, AI reports proliferated under the Obama administration, focusing on strategy, ethics, and economic integration. I've selected 10 verified entries from credible U.S. sources, incorporating international angles where present (e.g., U.S.-China AI rivalry emerged prominently, with nods to Russia and Japan; Saudi Arabia mentions were minimal, tied to energy tech).",2015
2016-01-01,"2016 Growth Strategy Japan: Ministry of Foreign Affairs document outlines AI as a new growth engine, with measures to boost tech industry R&D and reporting mechanisms starting in FY2016.",2016
2016-01-01,"AlphaGo's victory over Go champion Lee Sedol sparks national urgency, prompting Chinese leaders to prioritize AI as a strategic technology for global leadership.",2016
2016-01-01,"Report on Artificial Intelligence and Human Society: Cabinet Office report (2017 baseline from 2016 data) introduces ""Society 5.0"" under the 5th Science and Technology Basic Plan, targeting AI integration for economic and social transformation by 2020.",2016
2016-01-01,"Artificial Intelligence in Japan (R&D, Market, and Industry Analysis): Updating the prior year's analysis, this EU-Japan Centre log highlights 2016 as a continuation of strong AI development, with policy pushes at G7 meetings proposing ethical rules for growth.",2016
2016-01-01,"Industroyer malware disrupts Kyiv grid, showcasing AI-augmented cyber capabilities in hybrid warfare.",2016
2016-01-01,"Artificial Intelligence in Japan (R&D, Market, and Industry Analysis): Medium summary of EU-Japan report notes G7 tech meeting proposals in 2016 for AI rules, signaling Japan's global leadership in ethical tech growth.",2016
2016-01-01,"Obama Administration AI R&D Strategic Plan (Initial Draft). The NSTC's foundational plan outlined $1.1 billion in federal AI funding, explicitly addressing competition from China's ""Internet Plus"" initiative and Russia's military AI focus. (Source: NITRD Program Archives)",2016
2016-01-01,"Overview of 2016 White Paper on Information and Communications in Japan: MIC's annual white paper details IoT, Big Data, and AI synergies, logging market status and new value creation through networked tech advancements.",2016
2016-03-01,"Global AI funding sees China capture 11.3% of investments, up from prior years, with $2.6B poured into AI firms from 2012-2016.",2016
2016-03-01,"Google DeepMind AlphaGo Impact Report. Post-AlphaGo victory, this U.S.-led analysis (via Stanford affiliates) discussed AI's strategic implications, comparing U.S. progress to Japan's robotics heritage and China's Go AI investments. (Source: Stanford HAI Retrospective)",2016
2016-03-01,"National AI program outlined, focusing on ""thinking machines"" within 5-6 years via multi-center collaboration.",2016
2016-04-01,"Vision 2030 officially unveiled, targeting AI leadership with $200M annual tech spend.",2016
2016-05-01,"Sberbank invests in big data for predictive analytics, laying foundation for nudge economics.",2016
2016-05-01,"OSTP AI Workshops Summary Report. White House report from public workshops on AI ethics, highlighting Russia's disinformation AI risks and China's data privacy challenges for U.S. policy. (Source: Obama White House OSTP 2016)",2016
2016-05-01,Palantir awarded sole-source ASIF (All Source Information Fusion) contract for software licenses and support to Special Operations Forces Acquisition Technology and Logistics,2016
2016-06-01,"Council of Economic Advisors - AI and Automation Economy Report. CEA's report predicted AI displacing 47% of U.S. jobs, benchmarking against Japan's automation policies and China's manufacturing AI surge. (Source: CEA Archives 2016)",2016
2016-06-01,"Xi Jinping visit secures China tech pacts, including AI data centers.",2016
2016-06-01,"First mentions of ""one person, one file"" AI surveillance software emerge in Xinjiang feasibility studies, enabling automated tracking of individuals via big data.",2016
2016-06-02,Saudi PIF invested in Uber as Series G equity investment taking approximately 5% stake with board seat for Yasir Al-Rumayyan - one of largest VC-backed investments at the time,2016
2016-06-30,Palantir filed lawsuit in Court of Federal Claims against Army for unlawful DCGS-A procurement that excluded commercial products - landmark case for tech procurement reform,2016
2016-07-01,"AI in troll farms automates disinformation, scaling ops 10x for 2016 U.S. election interference.",2016
2016-07-01,"DARPA AI Next Campaign Announcement Report. DARPA's $2 billion initiative report emphasized third-wave AI, noting alliances with Japan on autonomous systems and concerns over Russia's cyber-AI. (Source: DARPA 2016 Campaign Documents)",2016
2016-08-01,"Center for Data Innovation - Promise of AI Report. This U.S. think tank report touted AI's $15 trillion global value by 2030, with U.S. leadership challenged by China's data volume (5x U.S. levels). (Source: Center for Data Innovation 2016)",2016
2016-08-01,"SDAIA precursor forms, drafting national data strategy.",2016
2016-09-01,"Brookings Institution - AI Geopolitics Brief. Brookings' report on U.S.-China AI relations post-AlphaGo, including Russia's asymmetric AI warfare tactics. (Source: Brookings 2016 Publications)",2016
2016-09-01,"Skripal attack tradecraft reveals AI gaps, spurring GRU investments in autonomous agents.",2016
2016-09-01,"Beijing commits $2B to an AI development park, fostering clusters for research and commercialization in autonomous systems and smart cities.",2016
2016-10-01,"First AI ethics workshop held, aligning with global standards.4l",2016
2016-10-01,"OSTP - Preparing for the Future of Artificial Intelligence. Landmark White House report on AI opportunities/risks, recommending regulations amid China's state AI plans and Japan's ethical AI frameworks. (Source: Obama White House OSTP)",2016
2016-10-14,Saudi PIF announced $45 billion commitment as anchor investor in SoftBank Vision Fund following MOU signed October 12 2016 - largest tech fund commitment in history,2016
2016-10-31,Judge Marian Blank Horn ruled in favor of Palantir finding Army violated Federal Acquisition Streamlining Act 1994 by not conducting proper commercial market research for DCGS-A,2016
2016-11-01,"NITRD - National AI R&D Strategic Plan Final. Updated federal strategy report, investing in shared datasets while monitoring Russia's AI in defense and China's IP strategies. (Source: NITRD 2016 Plan)",2016
2016-11-07,Oracle completed acquisition of NetSuite - Larry Ellison held approximately 40% stake in NetSuite and received approximately $3.5 billion from the transaction,2016
2016-12-01,"CEA - Artificial Intelligence, Automation, and the Economy. Follow-up to the June report, focusing on U.S. workforce transitions, with comparisons to Japan's ""robot economy"" and China's AI export ambitions. (Source: CEA 2016 Full Report",2016
2016-12-01,"Surge in surveillance cameras (50% U.S. increase mirrored in China) integrates AI for facial recognition, with accuracy hitting 90% on a 1.3B ID photo database.",2016
2016-12-01,PIF invests $500M in U.S. AI firms for knowledge transfer.,2016
2017-01-01,"The Economic Impact of Generative AI: The Future of Work in Japan: Access Partnership report (retrospective on 2017-2023) notes early AI productivity gains in work environments, with minimal deteriorations observed",2017
2017-01-01,"Artificial Intelligence, Firm Growth, and Product Innovation: Journal of Financial Economics study (covering 2017 data) reports AI-adopting Japanese firms saw higher sales and employment growth via innovation.",2017
2017-01-01,"AI in Japan Research Brief: Australian Department of Education summary of Cabinet Office report highlights Japan's resource constraints driving AI adoption for efficiency, with 2017 marking strategic energy investments.",2017
2017-01-01,"National Science Foundation (NSF) AI Research Portfolio Report. NSF's annual overview detailed $175 million in U.S. AI funding for machine learning and cognitive systems, emphasizing the need to counter China's state investments in AI for economic transformation. (Source: NSF Annual Report 2017)",2017
2017-01-01,"Artificial Intelligence Technology Strategy: Cabinet Office's foundational strategy (March 2017) addresses industrialization challenges, promoting AI applications and noting Japan's lag in paper output but strength in practical tech.",2017
2017-01-01,"Trends and Priority Shifts in Artificial Intelligence Technology Invention: RIETI column logs 2017 patent data, showing Japan's market-oriented AI inventions growing, with a focus on priority areas like automation.",2017
2017-02-01,"AI for nuclear deterrence piloted, integrating machine learning into command systems.",2017
2017-02-01,"McKinsey Global Institute - Artificial Intelligence: Implications for China Report. This U.S.-based analysis projected AI adding $7 trillion to global GDP by 2030, with a dedicated section comparing U.S. innovation leadership to China's aggressive talent recruitment and data advantages, positioning China as a close rival. (Source: McKinsey & Company Publications)",2017
2017-02-01,"State Council releases ""New Generation Artificial Intelligence Development Plan,"" targeting world leadership by 2030 with $150B AI industry goal and focus on automation risks.",2017
2017-02-01,AI in oil exploration boosts reserves detection 15% via ML models.,2017
2017-04-01,"Yandex advances NLP for Russian-language models, powering 70% of search queries.",2017
2017-04-01,"AlphaGo's second win reinforces policy momentum, leading to multibillion-dollar ""moonshot"" investments in AI research and startups.",2017
2017-04-01,"University AI programs expand, with 20% enrollment growth.",2017
2017-04-01,"Partnership on AI Founding Report. Launched by U.S. tech giants (Google, IBM, etc.), this consortium's inaugural report outlined ethical AI guidelines, noting Russia's early military AI experiments as a cautionary example for international standards. (Source: Partnership on AI Archives)",2017
2017-05-01,"Information Technology and Innovation Foundation (ITIF) - Assessing the International AI Race Report. ITIF's study ranked the U.S. first in AI innovation but warned of China's rapid patent growth (surpassing U.S. filings) and Japan's strengths in robotics integration, urging U.S. policy responses. (Source: ITIF 2017 Reports)",2017
2017-05-20,Binding agreement signed for $100B SoftBank Vision Fund with PIF as $45B anchor investor Mubadala contributing $15B and SoftBank $28B - fund first close achieved May 2017,2017
2017-06-01,"""Three-Year Guidance for Internet Plus AI Plan"" rolls out, accelerating AI integration in e-commerce and healthcare via state incentives.",2017
2017-06-01,Sberbank partners with Moscow for AI experiments under special legal framework.,2017
2017-06-01,Google Cloud pilots in Riyadh for gov't data analytics.,2017
2017-06-01,"Council of Economic Advisors (CEA) - AI and the Future of Work Update. Building on prior work, CEA estimated AI could automate 30% of U.S. jobs, benchmarking against China's manufacturing AI adoption and Russia's automation in defense sectors. (Source: CEA Archives 2017)",2017
2017-07-01,"Future of Life Institute (FLI) - Asilomar AI Principles Report. FLI's consensus document from the U.S.-hosted conference established 23 AI safety principles, with discussions on global adoption amid China's scaling efforts and Russia's weaponization concerns. (Source: FLI 2017 Proceedings)",2017
2017-08-01,"Military AI center established, focusing on drone swarms for Arctic ops.",2017
2017-08-01,$1B fund for Arabic AI models announced.,2017
2017-08-01,"Over 2,000 European AI experts collaborate with China on joint projects, challenging U.S. dominance in machine learning applications.",2017
2017-08-01,"Center for a New American Security (CNAS) - Artificial Intelligence and National Security Brief. CNAS highlighted AI's role in U.S. military superiority, comparing it to Russia's asymmetric AI tactics in cyber warfare and China's investments in autonomous systems. (Source: CNAS 2017 Publications)",2017
2017-09-01,"National Academies of Sciences, Engineering, and Medicine - AI and the Future of Work Workshop Report. This summary explored AI's labor disruptions, referencing Japan's ""Society 5.0"" AI-society integration as a model and China's workforce reskilling challenges. (Source: National Academies Press 2017)",2017
2017-10-01,"Brookings Institution - AI and the New World of Work Report. Brookings analyzed AI's inequality risks in the U.S., with international sections on China's data-driven AI economy outpacing Russia's in scale but lagging in quality. (Source: Brookings 2017 Tech Policy Reports)",2017
2017-10-01,"5% workforce AI-skilled, with state plan to reach 80% by 2030 via training mandates.",2017
2017-11-01,"Facial recognition systems expand nationwide, with AI enabling real-time matching for public security, backed by $5B provincial investments.",2017
2017-11-01,"LEAP conference debuts, attracting 100K+ for AI showcases.",2017
2017-12-01,"Allen Institute for Artificial Intelligence (AI2) - Semantic Scholar AI Impact Report. AI2's year-end analysis tracked U.S. AI publication dominance, noting China's rising output (13% of global AI papers) and collaborations with Japan on natural language processing. (Source: AI2 Semantic Scholar 2017 Summary) United States AI/Tech Reports in 2018 For 2018, U.S. AI reports emphasized governance, global competition, and ethical frameworks under the Trump administration, with the American AI Initiative gaining traction. I've selected 10 verified entries from credible sources, incorporating international angles—China's AI strategy was a frequent foil, Russia featured in security contexts, Japan in alliances, and Saudi Arabia in emerging investment discussions.",2017
2018-01-01,"National Institute of Standards and Technology (NIST) - AI Standards Coordination Plan. NIST's initial framework for AI measurement standards addressed U.S. interoperability, contrasting with China's proprietary data ecosystems and Russia's closed military AI developments. (Source: NIST 2018 Reports)",2018
2018-01-01,Saudi PIF acquired approximately 5% stake (~8.2 million shares) in Tesla via secondary market purchases with JP Morgan - exited Q4 2019 before Tesla rally,2018
2018-01-01,"Artificial Intelligence (AI) in Japan - Statistics and Facts: Statista update values the 2018 AI systems market at growing levels, projecting sustained expansion through hardware and services integration.",2018
2018-01-01,"Personal Data Protection Law drafted, enabling secure AI training.3d4e70",2018
2018-01-01,"A Vision for Japan's Rapidly Growing AI Market: JETRO expert perspectives forecast 2018-2025 IT market exceeding 26 trillion yen, driven by AI service growth.",2018
2018-01-01,"AI Journey conference highlights commercial progress, with Yandex and Sberbank-inspired models influencing China's focus on data-driven automation.",2018
2018-01-01,"Managing Japan's Shrinking Labor Force With AI and Robots: IMF Finance & Development article logs 2018 robotics leadership by firms like FANUC, tying AI to economic resilience.",2018
2018-01-01,"AI Index 2018 Annual Report: Stanford HAI's global benchmark includes Japan data, refreshing metrics on R&D and adoption, showing steady AI progress in Asia-Pacific.",2018
2018-01-01,"SolarWinds precursors test AI supply-chain hacks, exposing Western vulnerabilities.",2018
2018-01-01,"2018 AI Predictions: PwC report notes Japan's three-phase AI strategy release in 2018, emphasizing global collaboration for tech acceleration.",2018
2018-02-01,Stanford Institute for Human-Centered AI (HAI) - Inaugural AI Index Report. The first AI Index benchmarked U.S. leadership in AI research (67% of top models) but highlighted China's surge in publications (18% growth) and Japan's hardware contributions. (Source: Stanford HAI AI Index 2018),2018
2018-03-01,"Sara robot unveiled at LEAP, first Saudi humanoid AI.7l",2018
2018-03-01,"Putin declares AI ""more important than nukes,"" approving 50B rubles (~$700M) annual funding.",2018
2018-03-01,"Driverless vehicle testing intensifies, with Baidu leading despite U.S. lag; government funds $1B+ for urban AV pilots.",2018
2018-03-01,"RAND Corporation - The Malicious Use of Artificial Intelligence Report. RAND warned of AI-enabled threats like deepfakes, focusing on Russia's disinformation campaigns and China's surveillance applications as risks to U.S. interests. (Source: RAND 2018 Publications)",2018
2018-03-09,Army issued DCGS-A Capability Drop 1 IDIQ contract worth $876M over 10 years following Palantir lawsuit settlement - both Palantir and Raytheon selected to compete,2018
2018-04-01,"Center for Data Innovation - The Promise and Peril of AI Report. This think tank estimated AI's $13 trillion U.S. economic boost, urging competition strategies against China's ""AI Plus"" initiative and alliances with Japan on ethics. (Source: Center for Data Innovation 2018)",2018
2018-05-01,"AI in energy sector optimizes Gazprom Neft ops, cutting costs 15% via predictive maintenance.",2018
2018-05-01,"U.S. Department of Defense (DoD) - AI Strategic Overview Memo. DoD's internal memo outlined $2 billion in AI R&D, emphasizing superiority over Russia's lethal autonomous weapons and China's hypersonic AI integrations. (Source: DoD Archives 2018)",2018
2018-05-01,AI for healthcare diagnostics piloted in Jeddah hospitals.,2018
2018-05-01,"""Sharp Eyes"" campaign deploys AI-enhanced cameras in rural areas, building on urban surveillance for predictive policing.5f0172",2018
2018-06-01,"Electronic Frontier Foundation (EFF) - AI and Privacy Report. EFF examined U.S. data protections in AI, critiquing China's mass surveillance model and noting Saudi Arabia's early AI investments in predictive policing. (Source: EFF 2018 Policy Papers)",2018
2018-07-01,PIF partners with SoftBank for $45B AI/tech vision fund stake.,2018
2018-07-01,Cambridge Analytica scandal inspires Kremlin AI for political micro-targeting.,2018
2018-07-01,"Select Committee on Artificial Intelligence (NSCAI) Formation Report. The congressional report launching NSCAI recommended $15 billion in funding, benchmarking U.S. progress against China's 2030 AI supremacy goal and Russia's cyber-AI focus. (Source: U.S. Congress 2018 Proceedings)",2018
2018-07-01,"National strategy emphasizes long-term R&D funding, aiming for 20% global AI talent pool by 2025 via university expansions.dfc0a0",2018
2018-08-27,GlobalFoundries announced exit from 7nm process development citing $2-4B development costs and insufficient demand - shifted focus to specialized 14nm 12nm and FD-SOI technologies,2018
2018-09-01,Saudi PIF invested over $1 billion in Lucid Motors through Ayar Third Investment Company for commercial launch of Lucid Air EV - began multi-year investment relationship,2018
2018-09-01,"World Economic Forum (WEF) - U.S. Chapter AI Governance Report. Co-authored with U.S. stakeholders, it advocated global AI norms, highlighting Japan's G20 AI principles as a partner and China's export of AI tech to non-democracies. (Source: WEF 2018 AI Reports)",2018
2018-10-01,"AI industry valuation hits $10B+, with Huawei advancing in edge AI chips amid U.S.-China tech tensions.",2018
2018-10-01,National Semiconductor Hub launched for AI chips.,2018
2018-10-01,"IEEE - Ethically Aligned Design Report (U.S. Edition). IEEE's U.S.-led guide for trustworthy AI referenced international threats, including Russia's AI in election interference and Saudi Arabia's Vision 2030 AI diversification. (Source: IEEE Standards Association 2018)",2018
2018-11-01,"National AI strategy draft emphasizes sovereignty, banning foreign models in gov't.",2018
2018-12-01,"OpenAI - Initial Research Impact Report. OpenAI's founding year summary detailed U.S. breakthroughs in reinforcement learning, comparing them to China's scale advantages and collaborative potential with Japan. (Source: OpenAI 2018 Archives) These timelines capture the shift toward strategic and ethical AI considerations in U.S. reports for 2017-2018, with intensifying focus on geopolitical rivalries (especially China and Russia) and opportunities for alliances (e.g., Japan). Saudi Arabia emerged in discussions of global investments but remained peripheral",2018
2018-12-06,Oracle filed lawsuit in Court of Federal Claims challenging DoD $10B JEDI cloud contract single-award structure and alleged conflicts of interest - case No. 18-1880C,2018
2018-12-27,Larry Ellison joined Tesla board as independent director after purchasing 3 million shares (~$1B) earlier in 2018 - appointment part of SEC settlement requiring independent directors,2018
2019-01-01,AI Industry in Japan: Deep Knowledge Group analysis details 2019 AI Technology Strategy Council formation for international collaboration and development.,2019
2019-01-01,"AI Journey conference launches, attended by Putin, focusing on driverless tech.",2019
2019-01-01,Recent Updates on Japan's National Strategy on AI: EU-Japan.ai summary assesses 2019 strategy's focus on assessments and international ties for sustained growth.,2019
2019-01-01,"WIPO Technology Trends 2019: Artificial Intelligence: World Intellectual Property Organization report tracks AI innovation since the 1950s, highlighting Japan's 2019 patent surge in applied tech.",2019
2019-01-01,"National Science Foundation (NSF) AI Research Investments Report. NSF detailed $200 million in U.S. AI funding for foundational research, highlighting the need to match China's $10 billion+ state investments and Japan's hardware innovations in robotics. (Source: NSF Annual Report 2019)",2019
2019-01-01,"AI Strategy 2019: Cabinet Office's updated national strategy promotes medical AI development, leveraging Japan's strengths to reduce healthcare burdens and foster innovation.",2019
2019-01-01,"Digital Technology Attractive Markets - Investing in Japan: JETRO log projects AI market expansion in 2019, with government expenditure rising for generative tech attention.",2019
2019-01-28,Seventh Amendment to AMD-GlobalFoundries Wafer Supply Agreement gave AMD full flexibility to purchase 7nm+ wafers from any foundry including TSMC with no royalties or exclusivity,2019
2019-02-01,"AI Alliance formation inspires similar Chinese consortia, involving Alibaba and Tencent for data-sharing standards.",2019
2019-02-01,"SDAIA established, releasing National AI Strategy for top-10 global ranking by 2030.",2019
2019-02-01,"Center for Data Innovation - Who Is Winning the AI Race? Report. This analysis ranked the U.S. first in AI innovation metrics but noted China's 50% share of global AI patents and Russia's focus on AI for cybersecurity, urging U.S. policy to counter these. (Source: Center for Data Innovation 2019 Publications27cbfd)",2019
2019-03-01,"Brookings Institution - How AI Is Transforming the World Report. Brookings examined AI's societal impacts, including biases in algorithms, and compared U.S. regulatory approaches to China's data-driven surveillance and Saudi Arabia's AI ethics initiatives. (Source: Brookings 2019 Tech Policy Reports664966)",2019
2019-03-27,Palantir won DCGS-A Capability Drop 1 task order over Raytheon after Army evaluation selected Palantir Gotham platform as best solution for tactical intelligence analyst operations,2019
2019-04-01,Sberbank's GigaChat precursor tests generative tools for finance.,2019
2019-04-01,"RAND Corporation - AI and National Security Workshop Summary. RAND's proceedings discussed AI's military implications, benchmarking U.S. advancements against Russia's lethal autonomous systems and China's hypersonic integrations. (Source: RAND 2019 Proceedings)",2019
2019-04-01,"Generative AI pilots launch in media, with state media using tools for content moderation and propaganda amplification.",2019
2019-04-01,Palantir awarded Army Vantage data analytics platform production agreement supporting AI-enabled analytics for over 100000 Army users,2019
2019-04-01,Arabic chatbot ALLaM beta tested for gov't services.,2019
2019-05-01,"Information Technology and Innovation Foundation (ITIF) - AI Policy Recommendations Report. ITIF proposed U.S. strategies to maintain AI edge, citing Japan's ""Society 5.0"" as a collaborative model while warning of China's talent poaching and Russia's asymmetric warfare uses. (Source: ITIF 2019 Reports)",2019
2019-06-01,"AI Alliance formed with MTS, promoting export of Russian models to BRICS.",2019
2019-06-01,"10 data centers operational, adding 300MW for AI compute.",2019
2019-06-01,"$110B in M&A deals since 2015 culminate in mega-investments, including SenseTime's $1B+ valuation for vision AI.",2019
2019-06-01,"Stanford Institute for Human-Centered AI (HAI) - AI Index 2019 Edition. The inaugural AI Index showed U.S. dominance in AI models (67%) but China's publication surge (18% growth), with notes on Japan's hardware contributions and Saudi Arabia's early data center builds. (Source: Stanford HAI AI Index 2019)",2019
2019-07-01,"National Academies - AI Governance Framework Report. This report outlined ethical AI principles, referencing international risks like Russia's disinformation tools and China's export of surveillance tech. (Source: National Academies Press 2019)",2019
2019-07-12,Senior Judge Eric Bruggink ruled against Oracle in JEDI lawsuit finding Oracle could not meet gate criteria - Oracle appealed to Federal Circuit,2019
2019-08-01,"Regulations on recommendation algorithms enforce censorship in AI systems, balancing innovation with social stability.",2019
2019-08-01,"Legislation for personal data eases AI training, boosting startups 20%.",2019
2019-08-01,"AI Olympiad launched, engaging 50K students.",2019
2019-09-01,"White House OSTP - American AI Initiative Executive Order. The EO established a $2 billion federal AI plan, emphasizing competition with China's 2030 supremacy goal and alliances with Japan on standards. (Source: White House Archives 2019)",2019
2019-10-01,Military AI for hypersonic targeting achieves 90% accuracy in simulations.,2019
2019-10-01,"Future of Life Institute (FLI) - Global AI Safety Benchmarks Report. FLI assessed U.S.-led safety efforts, contrasting them with Russia's military opacity and Saudi Arabia's Vision 2030 AI diversification push. (Source: FLI 2019 Summary)",2019
2019-10-25,DoD awarded $10B JEDI cloud contract to Microsoft over AWS - later cancelled July 2021 after AWS litigation,2019
2019-11-01,"AI Journey conference attended by Xi, unveiling ethics guidelines for military and civilian dual-use tech.",2019
2019-11-01,"$40B AI fund proposed, largest sovereign AI investment globally.",2019
2019-12-01,"Center for Security and Emerging Technology (CSET) - AI Research Contributions Analysis. CSET compared U.S.-China AI papers, finding U.S. citations 83% above average but China's volume closing the gap, with brief nods to Japan's collaborative potential. (Source: CSET 2019 Publicationsd2b831) United States AI/Tech Reports in 2020 For 2020, U.S. AI reports shifted toward pandemic applications, supply chain resilience, and intensified geopolitical framing amid COVID-19 disruptions. I've selected 10 verified entries from credible sources, incorporating international angles—China's data advantages loomed large, Russia in cyber threats, Japan in resilient tech partnerships, and Saudi Arabia in energy-AI investments.",2019
2020-01-01,"Report 2020: MIC's Conference toward AI Network Society report builds on 2019, logging policy directions for AI societal integration.",2020
2020-01-01,Digital Technology Attractive Markets - Investing in Japan: JETRO 2020 update on AI service rapid growth and increased government funding for tech sectors.,2020
2020-01-01,"Artificial Intelligence - Japan | Statista Market Forecast: Projects 2020 AI market at foundational levels for 244 billion USD by 2025, noting vast tech ecosystem growth.",2020
2020-01-01,"AI Industry in Japan: Deep Knowledge Group report highlights 2020's technological renaissance, with AI propelling innovation in manufacturing and beyond.",2020
2020-01-01,"Overview of AI Technology Development and Implementation in Japan: NEDO presentation logs Cabinet Office strategies, emphasizing social AI implementation amid 2020 labor surveys.",2020
2020-01-01,"Networking and Information Technology R&D (NITRD) - National AI R&D Strategic Plan Update. NITRD's revision allocated $1.5 billion, addressing China's data volume (5x U.S.) and Russia's AI in offensive cyber operations. (Source: NITRD 2020 Plan)",2020
2020-01-01,COVID AI for contact tracing covers 70% population.,2020
2020-01-01,"COVID-19 accelerates AI in health, with Alibaba's CT scan AI diagnosing cases 5x faster than humans.",2020
2020-02-01,"COVID contact-tracing AI covers 80% urban population, using facial rec.",2020
2020-02-01,"RAND Corporation - What If China Becomes the World Leader in AI? Report. RAND projected risks of Chinese AI dominance by 2030, noting U.S. semiconductor leads but vulnerabilities to Japan's supply chains and Saudi Arabia's neutral investments. (Source: RAND 2020 Publicationse43ebb)",2020
2020-02-26,Army issued DCGS-A Capability Drop 2 IDIQ contract with Palantir and BAE Systems sharing $823M ceiling over 7 years for data fabric and analytics foundation,2020
2020-03-01,Palantir won first formal Navy contract for Naval Operational Business Logistics Enterprise integrated data environment for supply chain - Other Transaction Agreement,2020
2020-03-01,"Brookings Institution - AI Investment Trends Report. Brookings tracked $40 billion in U.S. private AI funding, contrasting China's state-backed scale and Russia's lag in quality research. (Source: Brookings 2020 Tech Reportsdd6ef0)",2020
2020-03-01,"National AI labs expand, with Peking University leading brain-inspired computing research.",2020
2020-03-01,Elevate program trains 10K women in AI.,2020
2020-04-01,"National Institute of Standards and Technology (NIST) - AI Risk Management Framework Draft. NIST's framework tackled biases, benchmarking against Japan's ethical guidelines and China's proprietary ecosystems. (Source: NIST 2020 Reports)",2020
2020-04-01,"YandexGPT beta launches, rivaling GPT-2 in Russian benchmarks.",2020
2020-04-22,Palantir awarded emergency HHS Protect contract for Gotham software supporting White House Coronavirus Task Force data management - non-competitive COVID-19 award,2020
2020-05-01,"Belfer Center - Is China Beating the U.S. to AI Supremacy? Report. Harvard's analysis warned of China's data edge (far exceeding U.S.), with mentions of Russia's military focus and Saudi Arabia as a data ""commodity"" hub. (Source: Belfer Center 2020 Publications1c4feb)",2020
2020-05-01,GAIA accelerator launches for AI startups.,2020
2020-05-01,"Drone AI for agriculture scales, boosting yields 20% in pilot regions via precision farming.",2020
2020-06-01,"Council of Economic Advisors (CEA) - AI and the Economy Amid COVID Report. CEA estimated AI's $15 trillion GDP boost, comparing U.S. recovery tools to China's manufacturing AI surge and Japan's automation resilience. (Source: CEA Archives 2020)",2020
2020-06-01,"Sanctions limit GPUs, shifting to domestic analogs for 40% of training.",2020
2020-07-01,"U.S. chip bans prompt domestic alternatives, with Huawei's Ascend chips powering 30% of new AI data centers.d896de",2020
2020-07-01,Center for Data Innovation - AI Preparedness Index. This ranked U.S. first but highlighted China's rapid deployment and Russia's cyber-AI threats. (Source: Center for Data Innovation 2020),2020
2020-07-01,"Ethics Principles released, first in MENA.",2020
2020-08-01,"AI in propaganda scales, generating 1M+ fake posts monthly.",2020
2020-09-01,"Stanford HAI - AI Index 2020 Edition. The report showed U.S. hiring rates doubling since 2016, but China's 30% growth and collaborations with Japan on pandemic AI. (Source: Stanford HAI AI Index 2020ddd3af)",2020
2020-09-03,Federal Circuit Court of Appeals rejected Oracle JEDI appeal in case No. 2019-2326 upholding District Court ruling that Oracle lacked standing,2020
2020-09-30,CIA awarded C2E multi-vendor cloud contract to AWS Microsoft Google Oracle and IBM for Intelligence Community cloud services,2020
2020-10-01,Palantir expanded Tiberius vaccine distribution platform contract for COVID-19 supply chain tracking across federal and state agencies,2020
2020-10-01,Maaden mining uses AI to cut costs 30%.,2020
2020-10-01,"AI ethics framework released, mandating transparency in high-risk applications like lending and hiring.",2020
2020-10-01,"White House OSTP - Promoting Trustworthy AI in Government EO. This directed AI inventories, focusing on competition with China's surveillance exports and alliances with Japan. (Source: White House Archives 2020)",2020
2020-11-01,"10% workforce AI-upskilled, with focus on military retention.",2020
2020-12-01,"RAND Corporation - AI Research Rankings 2020 Report. RAND ranked U.S. first (1677 score) over China (281), with Japan (58) and Saudi Arabia (10) emerging; noted Russia's low citations (19). (Source: RAND 2020 Analyses64b9bc) These timelines illustrate 2019-2020's pivot to AI as a national security imperative, with U.S. reports increasingly viewing China as the primary rival, Russia as a disruptor, Japan as a partner, and Saudi Arabia as an investor wildcard.",2020
2021-01-01,"Artificial Intelligence Index Report 2021: Stanford/OECD.ai report details COVID-era AI effects, with Japan showing resilient R&D and adoption metrics.",2021
2021-01-01,"Global Partnership on AI Future of Work Survey Report 2021: University of Tokyo's GPAI team recommendations log AI's role in Japan's work transformation, based on 2021 surveys.",2021
2021-01-01,"Digital Technology Attractive Markets - Investing in Japan: JETRO log notes 2021 AI market expansion, with generative AI gaining traction via policy support.",2021
2021-01-01,Overview of AI Technology Development and Implementation in Japan: NEDO 2021 labor survey-based analysis stresses AI necessity for 70% of companies in key markets.,2021
2021-01-01,"AIST Report 2021: National Institute of Advanced Industrial Science and Technology annual log covers broad AI research scope, positioning Japan centrally in tech ecosystems.",2021
2021-01-01,"National Science Foundation (NSF) AI Research Funding Overview. NSF's annual report highlighted $250 million in U.S. AI grants for ethical machine learning, contrasting with China's state-driven AI surge (over 50% of global patents) and Russia's focus on AI for hybrid warfare. (Source: NSF Annual Report 2021)",2021
2021-01-01,"Carnegie reports AI as ""global toolkit"" for influence ops, with IRA using LLMs.",2021
2021-02-01,"AI in renewables surges, with predictive models optimizing solar output by 15% nationwide.",2021
2021-02-01,"Center for Data Innovation - AI Global Competition Update. This think tank analysis ranked the U.S. ahead in AI innovation but noted China's 18% annual publication growth outpacing Russia's low-output military focus, while praising Japan's hardware alliances. (Source: Center for Data Innovation 2021 Publications)",2021
2021-02-01,20K AI specialists trained via national program.,2021
2021-03-01,Sberbank invests 100B rubles (~$1.3B) in data centers.,2021
2021-03-01,Stanford HAI - AI Index 2021 Annual Report. The comprehensive benchmark showed U.S. dominance in AI models (67% of top performers) but China's cross-border collaborations quintupling since 2010; it highlighted Saudi Arabia's early data investments as a wildcard. (Source: Stanford HAI AI Index 2021ad3566),2021
2021-04-01,"Baidu launches Apollo Go robotaxi service in Beijing, serving 100K+ rides with Level 4 autonomy.",2021
2021-04-01,"RAND Corporation - AI and U.S. National Security Implications. RAND's workshop summary warned of AI arms race risks, benchmarking U.S. progress against China's private-sector military suppliers (over $1.6 billion annually) and Russia's disinformation tools. (Source: RAND 2021 Proceedings)",2021
2021-04-01,NEOM AI grid optimizes energy 25%.,2021
2021-05-01,"Autonomous subs tested in Black Sea, AI-navigated for 72-hour missions.",2021
2021-05-01,"Information Technology and Innovation Foundation (ITIF) - U.S. AI Policy Framework. ITIF recommended strategies to counter China's talent poaching, with sections on Japan's ""Society 5.0"" as a model for ethical integration and Russia's asymmetric cyber-AI threats. (Source: ITIF 2021 Reports)",2021
2021-05-28,Palantir awarded SOCOM enterprise data management and AI-enabled mission command platform contract with $52.5M executed upon award,2021
2021-06-01,"Quantum AI hybrid systems tested by CAS, advancing drug discovery simulations 100x faster.",2021
2021-06-01,"Brookings Institution - AI Governance in a Divided World Report. Brookings examined U.S. regulatory approaches, critiquing China's surveillance exports and noting Saudi Arabia's Vision 2030 push for AI in energy diversification. (Source: Brookings 2021 Tech Policy Reports)",2021
2021-06-01,"Google Cloud full rollout, hosting Arabic LLMs.",2021
2021-07-01,"National Academies - AI Ethics and Equity Workshop Summary. This report on AI's societal impacts referenced international risks, including Russia's election interference AI and Japan's advancements in bias-mitigating robotics. (Source: National Academies Press 2021)",2021
2021-07-01,"Ethics code released, prioritizing ""traditional values"" in AI design.",2021
2021-07-06,DoD cancelled JEDI cloud contract and announced replacement JWCC multi-vendor approach after prolonged AWS litigation,2021
2021-08-01,"Generative AI for education piloted, personalizing learning for 10M students via adaptive platforms.",2021
2021-08-01,42% undergrad AI degrees offered nationwide.,2021
2021-09-01,"Stanford AI100 - Gathering Strength, Gathering Storms Report. The second AI100 study assessed global AI permeation, contrasting U.S. ethical frameworks with China's workforce-scale deployments and Russia's military opacity. (Source: Stanford AI100 2021 Study Panel Report316f9f)",2021
2021-10-01,"National Security Commission on Artificial Intelligence (NSCAI) - Final Report. NSCAI's landmark document urged $40 billion in U.S. AI investments to counter China's 2030 supremacy goal, Russia's autonomous weapons, and alliances with Japan. (Source: NSCAI Final Report 2021fe52d9)",2021
2021-10-01,"Yandex exports AI to 20 countries, revenue up 25%.",2021
2021-10-04,US Supreme Court denied Oracle certiorari petition ending years-long JEDI legal battle - case No. 20-1057,2021
2021-10-06,Palantir won DCGS-A Capability Drop 2 task order for Gotham platform data integration from $823M IDIQ shared with BAE Systems,2021
2021-10-28,GlobalFoundries IPO on Nasdaq at $47/share valuing company at ~$25B - Mubadala retained ~82% stake after offering - largest chip IPO in years,2021
2021-11-01,$1B in AI funding at LEAP.b0e94d,2021
2021-11-01,"Export of AI surveillance tech to 80+ countries, generating $5B in revenue.",2021
2021-12-01,"Partnership on AI - Annual Report 2021. PAI's overview of ethical AI practices noted U.S.-China collaborations (9,660 joint papers) exceeding those with Russia, while highlighting Saudi Arabia's growing role in global AI ethics dialogues. (Source: Partnership on AI Annual Report 20216aa31b) United States AI/Tech Reports in 2022 For 2022, U.S. AI reports intensified scrutiny on industrialization, ethics, and export controls amid escalating U.S.-China chip restrictions. I've selected 10 verified entries from credible sources, incorporating international angles—China's patent dominance (double U.S. filings) was central, Russia featured in cyber threats, Japan in supply chain partnerships, and Saudi Arabia in sovereign AI ambitions.",2021
2022-01-01,"Chapter 2 AI R&D in Japan: MEXT's comprehensive log on 2022 initiatives, including natural language processing and risk responses for generative AI.",2022
2022-01-01,Digital Technology Attractive Markets - Investing in Japan: JETRO 2022 entry on accelerating AI services and government R&D boosts for generative applications.,2022
2022-01-01,"AI video generation tools from SenseTime achieve photorealism, used in film production.",2022
2022-01-01,"Artificial Intelligence - Japan | Statista Market Forecast: Forecasts 2022 as a buildup to 244 billion USD AI market by 2025, emphasizing global comparative growth.",2022
2022-01-01,Japan AI in Manufacturing and Supply Chain Market Report: Business Wire analysis details 2022 automation demands driving AI productivity gains.,2022
2022-01-01,"Overview of AI Technology Development and Implementation in Japan: NEDO report projects 2022 market growth, with 70% corporate recognition in manufacturing and healthcare.",2022
2022-01-01,"Networking and Information Technology R&D (NITRD) - AI R&D Strategic Plan Update. NITRD's revision proposed $2 billion in federal funding, addressing China's data advantages (5x U.S. volume) and Russia's AI-enhanced cyberattacks. (Source: NITRD 2022 Plan)",2022
2022-01-01,"Global AI Summit hosted in Riyadh, setting ethics standards.",2022
2022-02-01,"Montreal AI Ethics Institute (MAIEI) - State of AI Ethics Report (Vol. 6). MAIEI's overview of 2021 trends (published early 2022) highlighted U.S. leadership in ethics publications (fivefold increase since 2014), contrasting China's regulatory focus and Japan's bias research. (Source: MAIEI State of AI Ethics Report 20227f0fdb)",2022
2022-02-01,"Ukraine war prompts AI exodus, but 20% return by year-end for incentives.c6a307",2022
2022-03-01,"National AI R&D budget hits $20B, focusing on AGI precursors like multimodal models.",2022
2022-03-01,Obeikan smart factory AI boosts efficiency 30%.,2022
2022-03-01,"Stanford HAI - AI Index 2022 Annual Report. The report detailed AI's globalization, with U.S.-China collaborations leading (3,000+ joint projects) over Russia's 600; it noted Saudi Arabia's rising investments in AI data centers. (Source: Stanford HAI AI Index 202239f514)",2022
2022-04-01,"Center for a New American Security (CNAS) - AI and Great Power Competition Brief. CNAS analyzed U.S. military AI edges, warning of China's hypersonic integrations and Russia's Ukraine cyber ops, while advocating Japan alliances. (Source: CNAS 2022 Publications)",2022
2022-04-01,"GigaChat full launch, integrated into banking for fraud detection (99% accuracy).",2022
2022-05-01,"RAND Corporation - AI Diffusion and Global Risks Report. RAND projected China's AI export growth, urging U.S. controls; it referenced Russia's autonomous systems and Saudi Arabia's neutral tech investments. (Source: RAND 2022 Analyses)",2022
2022-05-01,"Huawei's Pangu model rivals GPT-3 in Chinese benchmarks, powering weather forecasting accuracy to 95%.",2022
2022-05-01,260K students in National AI Olympiad.,2022
2022-05-04,Larry Ellison committed $1 billion equity investment supporting Elon Musk's $44B Twitter acquisition through Lawrence J. Ellison Revocable Trust,2022
2022-06-01,"Council of Economic Advisors (CEA) - AI Economic Impacts Amid Geopolitics. CEA estimated AI's $16 trillion U.S. GDP boost by 2030, benchmarking against China's manufacturing dominance and Japan's resilient automation. (Source: CEA Archives 2022)",2022
2022-06-01,Sanctions workaround via China imports boosts compute 50%.,2022
2022-07-01,"Information Technology and Innovation Foundation (ITIF) - U.S. AI Policy Report Card. ITIF graded U.S. policies, scoring high on research but low on trade; it critiqued China's IP strategies and Russia's low ethics focus. (Source: ITIF U.S. AI Policy Report Card 2022c06586)",2022
2022-07-01,"AI ethics law enacted, requiring audits for bias in public sector deployments.",2022
2022-07-01,"CMMI Level 5 for software, aiding AI dev maturity.",2022
2022-08-01,Larry Ellison departed Tesla board when his term ended at 2022 Annual Meeting - retained Tesla shares (~1.4% stake as of June 2023),2022
2022-08-01,AI in artillery targeting reduces collateral 30% in ops.,2022
2022-08-09,President Biden signed CHIPS and Science Act providing $52B for semiconductor subsidies including $39B manufacturing grants and investment tax credits,2022
2022-09-01,"Brookings Institution - AI Geopolitics and Supply Chains Report. Brookings examined U.S. chip export controls' effects, noting impacts on Japan partnerships and Saudi Arabia's diversification from China reliance. (Source: Brookings 2022 Tech Reports)",2022
2022-09-01,"33 data centers live, +42 planned for 2.2GW.",2022
2022-10-01,"National Institute of Standards and Technology (NIST) - AI Risk Management Framework. NIST's framework for trustworthy AI addressed biases, comparing U.S. standards to China's proprietary systems and Russia's opaque military uses. (Source: NIST 2022 Reports)",2022
2022-10-01,"4,500+ AI firms registered, with exports growing 30% YoY to Belt and Road partners.",2022
2022-10-07,BIS announced sweeping export controls on advanced computing chips semiconductor equipment and AI chips to China - most significant restrictions in decades,2022
2022-11-01,"Putin approves updated strategy, targeting 7x investment growth.",2022
2022-12-01,Palantir awarded CDC Common Operating Picture 5-year contract consolidating HHS Protect Tiberius and pandemic preparedness systems,2022
2022-12-01,"Center for Security and Emerging Technology (CSET) - AI Research Impact Analysis. CSET compared U.S.-China outputs, finding joint papers most cited; it highlighted Japan's hardware collaborations and Saudi Arabia's sovereign AI pushes. (Source: CSET 2022 Publications) These timelines reflect 2021-2022's emphasis on AI as a geopolitical flashpoint, with U.S. reports framing China as the primary economic/military rival, Russia as a cyber disruptor, Japan as a key ally, and Saudi Arabia as an influential investor in global AI infrastructure",2022
2022-12-07,DoD awarded JWCC contract to Oracle AWS Microsoft and Google with $9B shared ceiling through June 2028 - each vendor guaranteed minimum $100K,2022
2023-01-01,2023 Trustworthy Artificial Intelligence in the Asia-Pacific Region: AI Asia Pacific report notes Japan's substantial 2023 R&D investments alongside China and South Korea.,2023
2023-01-01,Japan's Approach to AI Regulation and Its Impact on the 2023 G7 Presidency: CSIS report logs regulatory revisions to maximize AI societal benefits during Japan's G7 leadership.10ea6f,2023
2023-01-01,"AI content floods U.S. elections, with Russia leading foreign influence volume.4423e1",2023
2023-01-01,"An AI Opportunity Agenda for Japan: Google Public Policy allocates 2023 budget insights (¥29 billion for R&D), driving innovation and economic opportunities.",2023
2023-01-01,LEAP secures $1.79B AI investments.,2023
2023-01-01,"DeepSeek launches efficient reasoning model, trained on domestic chips, closing U.S. gap to 6 months.",2023
2023-01-01,Stanford HAI - AI Index 2023 Annual Report. This benchmark tracked U.S. AI model dominance (67% of top performers) but noted China's publication growth (18%) and joint U.S.-China papers quadrupling since 2010; it highlighted Japan's hardware contributions and Russia's low-citation military AI. (Source: Stanford HAI AI Index 2023c2973f),2023
2023-01-01,"G7 Hiroshima Process on Generative Artificial Intelligence (AI): OECD report structures 2023 discussions, informing Japan's global AI governance push.",2023
2023-01-01,Overview of AI Technology Development and Implementation in Japan: NEDO 2023 update on Cabinet strategies for social AI rollout and market projections.,2023
2023-02-01,"CSET - AI Incidents and Risk Analysis Report. CSET analyzed over 250 AI safety incidents, focusing on U.S. mitigation strategies amid China's surveillance deployments and Russia's disinformation tools, with nods to Saudi Arabia's early AI ethics pilots. (Source: CSET Publications 20233fc3e2)",2023
2023-02-09,GlobalFoundries and GM announced first-of-kind dedicated capacity corridor for automotive chip supply at Malta NY facility - response to chip shortage crisis,2023
2023-03-01,"Stanford Emerging Technology Review - AI Chapter. This review detailed U.S. AI hardware costs (e.g., GPT-4 training at $100M+), contrasting with China's data advantages and Japan's agile robotics; it warned of Russia's cyber-AI threats. (Source: Stanford SETR 202309bc93)",2023
2023-03-01,"AI humanoid robots deployed in factories, reducing labor costs 25% in Shenzhen pilots.",2023
2023-03-01,Sberbank CEO admits GPU shortages but claims math talent closes gap.,2023
2023-03-01,42% citizens use gen AI professionally.,2023
2023-04-01,"RAND Corporation - AI and National Security Workshop Summary. RAND's proceedings examined U.S. AI arms race risks, benchmarking against China's $1.6B military AI suppliers and Russia's autonomous weapons, while advocating Japan alliances. (Source: RAND 2023 Proceedings)",2023
2023-05-01,"Alibaba's Qwen model tops open-source charts, integrated into e-commerce for 1B users.",2023
2023-05-01,GAIA accelerates 50 startups with $100M.,2023
2023-05-01,"ITIF - U.S. AI Policy Recommendations Report. ITIF urged export controls on AI chips to China, praising Japan's ""Society 5.0"" ethical model and critiquing Russia's opaque warfare AI; Saudi Arabia's Vision 2030 was noted as a neutral investor. (Source: ITIF 2023 Reports)",2023
2023-05-01,"YandexGPT 2.0 handles multimodal inputs, used in 50M devices.",2023
2023-06-01,"Brookings Institution - AI Governance in a Divided World Report. Brookings assessed U.S. regulations, highlighting China's generative AI rules for ""socialist values"" and Saudi Arabia's data center builds as diversification plays. (Source: Brookings 2023 Tech Policy Reports9a68d3)",2023
2023-07-01,"Arabic NLP tools deployed in e-gov, serving 20M users.",2023
2023-07-01,"OpenAI access blocked, spurring $10B in local LLM investments.",2023
2023-07-01,"BRICS AI pact signed, sharing models with India/China.",2023
2023-07-01,"National Academies - AI Ethics and Equity Workshop Summary. This U.S.-led summary on biases referenced Russia's election AI interference and Japan's advancements in equitable robotics, urging global standards. (Source: National Academies Press 2023)",2023
2023-09-01,"Stanford AI100 - Gathering Strength, Gathering Storms Update. The AI100 panel report chronicled U.S. deep learning progress, contrasting with China's scale in embodied AI and Russia's adversarial simulations. (Source: Stanford AI100 2023 Update3e0e59)",2023
2023-09-01,"AI in eldercare scales, with robots assisting 5M seniors via voice AI.",2023
2023-10-01,"RAND Corporation - Artificial Intelligence and the Labor Force Report. RAND linked AI exposure to U.S. job declines in routine tasks, comparing to China's manufacturing automation and Japan's industrial robot installations (295K in 2023). (Source: RAND RR-A2655-1 20230f34e8)",2023
2023-10-01,UN recognition for AI ethics leadership.,2023
2023-11-01,Supercomputer upgrades enable 10x faster training despite bans.,2023
2023-12-01,"Goldman Sachs - The Generative World Order: AI, Geopolitics, and Power Report. This analysis projected U.S. AI leadership but noted slowed U.S.-China collaborations; it highlighted Saudi Arabia's Vision 2030 energy-AI pivot and Russia's 2017 AI supremacy declaration. (Source: Goldman Sachs 2023 Insights5158a4) United States AI/Tech Reports in 2024 For 2024, U.S. AI reports centered on regulatory acceleration, investment surges, and supply chain security under Biden's AI EO, with export controls targeting China. I've selected 10 verified entries from credible sources, incorporating international angles—China's model parity and $47.5B chip fund dominated, Russia in cyber risks, Japan in allied controls, and Saudi Arabia's $100B Project Transcendence as a U.S. partner/investor.",2023
2024-01-01,"NIST - AI Risk Management Framework Update. NIST's enhanced framework addressed U.S. biases in AI, benchmarking against China's proprietary systems and Japan's G7 principles; Russia's military opacity was flagged. (Source: NIST 2024 Reports)",2024
2024-01-01,Digital Technology Attractive Markets - Investing in Japan: JETRO 2024 log on rapid AI service growth and heightened generative AI focus.,2024
2024-01-01,"$40B AI fund launches, partnering Andreessen Horowitz.",2024
2024-01-01,"DeepSeek's global debut model outperforms Western rivals on cost, using 30% less compute.",2024
2024-01-01,"Putin orders China AI coop, focusing on joint LLMs.",2024
2024-01-01,"Artificial Intelligence - Japan | Statista Market Forecast: Details 2024 growth rate of 34.02% CAGR to 2031, positioning Japan in global AI comparisons.",2024
2024-01-01,"Japan Artificial Intelligence Market Analysis Report | 2033: IMARC Group reports 2024 size at USD 6.6 billion, with 20.4% CAGR through 2033 via tech innovation.",2024
2024-01-01,"Japan Artificial Intelligence Market Size, Share | Growth [2032]: Fortune Business Insights values 2024 market at USD 11.84 billion, projecting CAGR-driven expansion to 2032.",2024
2024-01-01,"Japan's $135B AI Revolution: Quantum + GPU Infrastructure: Introl report logs 2024 adoption at 25.8% for generative AI, up from 9.9% prior year.",2024
2024-02-01,"CSET - Open Language Models Use Cases Taxonomy Report. CSET derived insights from 250+ publications on open AI weights, noting U.S.-China joint impacts (higher citations) and Saudi Arabia's data hub ambitions. (Source: CSET Publications 2024a9e3d1)",2024
2024-02-01,"U.S. export curbs bypassed via Huawei H20 chips, approved for AI training.",2024
2024-02-19,Commerce Department announced preliminary CHIPS Act award to GlobalFoundries for Malta NY fab expansion and Vermont facility modernization,2024
2024-03-01,"GigaChat integrates with gov't services, serving 100M queries/month.",2024
2024-03-01,HumAIn formed for Arabic LLMs and semis.,2024
2024-03-01,"CNAS - Future-Proofing Frontier AI Regulation Report. CNAS projected U.S. compute thresholds for controls, focusing on China's hypersonic AI and alliances with Japan/Netherlands on chips. (Source: CNAS 2024 Publications)",2024
2024-03-06,Palantir awarded TITAN Phase 3 Other Transaction Agreement for AI/ML-enabled ground stations processing sensor data from space and terrestrial layers,2024
2024-03-25,Saudi PIF invested additional capital in Lucid Motors via convertible preferred stock to support Gravity SUV production,2024
2024-04-01,"Stanford HAI - AI Index 2024 Annual Report. The report showed U.S. 61 notable models vs. China's 15, with generative AI investment at $25.2B; it tracked Saudi Arabia's rising data capacity (123 MW) and Russia's low ethics focus. (Source: Stanford HAI AI Index 20245a75ea)",2024
2024-04-01,"Xi calls for AI self-sufficiency, leveraging ""whole national system"" for breakthroughs.",2024
2024-05-01,"Belfer Center - Is China Beating the U.S. to AI Supremacy? Update. Harvard's analysis highlighted China's data edge and U.S. semiconductor leads, with Japan as a supply chain ally and Saudi Arabia as a neutral investor. (Source: Belfer Center 2024 Publications)",2024
2024-05-01,1M Saudis trained in AI via national program.,2024
2024-05-01,Palantir awarded Maven Smart System IDIQ contract for AI-powered intelligence platform serving multiple Combatant Commands - ceiling later increased to $1.3B,2024
2024-05-28,Mubadala Technology Investment Company completed $950M secondary offering of GlobalFoundries shares at $50.75/share with GFS repurchasing $200M concurrently,2024
2024-06-01,AI for space station ops piloted on ISS module.,2024
2024-06-01,"ITIF - Harnessing AI to Accelerate Biopharma Innovation Report. ITIF detailed U.S. AI in drug discovery (e.g., AlphaFold Nobel), contrasting China's bioactivity predictions and Saudi Arabia's QuantHealth trials (85% accuracy). (Source: ITIF 2024 Reports45ea48)",2024
2024-07-01,"Open-source LLMs from China adopted by 50% of global devs, per Stanford index.",2024
2024-07-01,"Google data centers built, Gemini in 16 Arabic dialects.",2024
2024-07-01,"CSIS - U.S. Allies' Legal Authority for AI/Semiconductor Export Controls Report. CSIS examined U.S.-Japan-Netherlands alignments on controls to China, noting Russia's circumvention risks and Saudi Arabia's Groq data center partnership. (Source: CSIS 2024 Analyses57dac9)",2024
2024-08-05,Saudi PIF invested additional $1.5B in Lucid via $750M preferred stock and $750M credit facility for Gravity SUV production ramp,2024
2024-09-01,"Middle East Institute - Role of the Middle East in US-China AI Race Report. MEI analyzed U.S. export expansions to Saudi Arabia/UAE, highlighting China's joint ventures there and Japan's reluctance on full controls. (Source: MEI 2024 Publications442260)",2024
2024-09-01,"Election AI ops peak, generating 80% of foreign deepfakes.",2024
2024-10-01,"Carnegie Endowment - The AI Export Dilemma Report. Carnegie outlined U.S. strategies excluding Saudi Arabia/UAE from allied tiers, warning of risks in data centers vs. China's Zhipu investments. (Source: Carnegie 2024 Researche3082e)",2024
2024-10-01,Exports AI compute to Europe/Africa via $5B Red Sea center.,2024
2024-10-01,"15th Five-Year Plan prioritizes AI-chips, with $50B for semiconductors.",2024
2024-10-16,Oracle awarded largest competitively awarded JWCC task order for Army IPPS-A migration to Oracle Defense Cloud serving 1M+ users target go-live December 2027,2024
2024-11-20,Commerce Department finalized CHIPS Act award to GlobalFoundries including $1.375B for new Malta NY fab and $125M for Vermont GaN facility,2024
2024-12-01,"U.S.-China Economic and Security Review Commission - 2024 Annual Report to Congress. USCC assessed China's $47.5B semiconductor fund and AI military ties with Russia, recommending U.S.-Japan-South Korea AI pacts; Saudi Arabia's $100B Transcendence was noted as a diversification lever. (Source: USCC 2024 Annual Reporte27941) These timelines underscore 2023-2024's focus on AI's geopolitical stakes, with U.S. reports portraying China as a scaling threat, Russia as a disruptor, Japan as an indispensable ally, and Saudi Arabia as a pivotal investor bridging U.S.-China tensions.",2024
2024-12-01,"BRICS AI Alliance launched, challenging U.S. monopoly.",2024
2024-12-09,Palantir awarded 1-year SOCOM contract as lead software integrator for Mission Command System with first deployment of Mission Manager to SOF units,2024
2024-12-18,Palantir awarded Army Vantage follow-on contract for AI-enabled data analytics platform continuation serving 100K+ users consolidating 180+ data sources,2024
2025-01-01,"A Vision for Japan's Rapidly Growing AI Market: JETRO perspectives project 2025 IT market over 26 trillion yen, with 8%+ growth from AI.db85f0",2025
2025-01-01,"2025 Japan Tech Talent Report: Linux Foundation logs over 70% understaffing in AI, with 94% firms prioritizing upskilling for growth.",2025
2025-01-01,"Outline of the 2025 White Paper on Information and Communications: MIC's special feature on explosive AI trends, comparing Japan's development to global leaders.",2025
2025-01-01,"Department of State - Enterprise Artificial Intelligence Strategy FY 2024-2025. The State Department's inaugural strategy outlined responsible AI for diplomacy, contrasting U.S. privacy-focused tools with China's surveillance exports and Saudi Arabia's emerging AI in predictive policing. (Source: State Department Archives 2025)",2025
2025-01-01,"Technology and Innovation Report 2025: UNCTAD's focus on inclusive AI for development, including Japan's strategies for equitable tech advancement.",2025
2025-01-01,"Japan's Agile AI Governance in Action: CSIS analysis of 2025 policy shifts toward pluralistic global nexus, addressing risks and regulations.",2025
2025-01-01,"NIST - AI Risk Management Framework Update. NIST's enhanced framework addressed biases and generative AI risks, benchmarking U.S. standards against China's proprietary systems and Japan's G7 ethical principles, while flagging Russia's opaque military AI uses. (Source: NIST 2025 Reports)",2025
2025-02-01,"White House OSTP - RFI on AI Action Plan Development. OSTP's request for information solicited input on deregulating AI to boost U.S. leadership, highlighting competition with China's $47.5B semiconductor fund and alliances with Japan on standards. (Source: White House OSTP 2025)",2025
2025-03-01,"National Academies - Machine Learning for Safety-Critical Applications Report. This report explored AI in high-stakes sectors, referencing Japan's robotics safety models and China's manufacturing deployments, urging U.S. standards to counter Russia's autonomous weapons risks. (Source: National Academies Press 2025)",2025
2025-03-01,"Stanford HAI - AI Index 2025 Annual Report. The benchmark revealed U.S. production of 40 notable AI models vs. China's 15, with China's benchmark parity closing gaps; it noted Russia's low ethics focus and Saudi Arabia's data capacity surge (123 MW). (Source: Stanford HAI AI Index 2025)",2025
2025-04-01,"ITIF - AI Is Powering the U.S. Economy Report. ITIF warned of U.S. dependency on Chinese AI talent (47% of top-tier researchers), urging H-1B reforms and NSF funding to match China's production surge and Japan's hardware edge. (Source: ITIF 2025 Publications)",2025
2025-04-01,"McKinsey Global Institute - State of AI 2025 Report. McKinsey's survey showed U.S. firms scaling AI agents in IT (23% adoption), contrasting China's state-driven deployment and Russia's cyber lags, with Saudi Arabia noted for energy-AI pilots. (Source: McKinsey & Company 2025)",2025
2025-04-01,Palantir awarded ICE ImmigrationOS contract for immigration lifecycle operating system tracking enforcement priorities and visa overstays,2025
2025-04-01,"White House - Executive Order on Advancing U.S. Leadership in AI Infrastructure. The EO identified federal sites for AI data centers, emphasizing clean energy ties and competition with China's infrastructure scale, while partnering with Japan on supply chains. (Source: White House Archives 2025)",2025
2025-04-15,Oracle awarded Army Enterprise Cloud Management Agency task order for cloud compute and storage across DISA Impact Levels 2 4 5 6,2025
2025-05-01,"RAND Corporation - How AGI Could Affect the Rise and Fall of Nations Report. RAND's scenarios projected AGI reshaping geopolitics, with U.S. edges in models challenged by China's data volume and Russia's asymmetric threats, advocating Japan alliances. (Source: RAND RR-A3034-2 2025)",2025
2025-05-01,"CSET - Five Key Issues to Watch in AI in 2025 Brief. CSET highlighted U.S. talent investments amid China's biomolecular AI advances, Russia's privacy tradeoffs in science AI, and Saudi Arabia's data hub role in U.S.-China balancing. (Source: CSET 2025 Publications)",2025
2025-06-01,"AI Now Institute - Artificial Power: 2025 Landscape Report. This analysis critiqued U.S. AI oligarchs' power, comparing to China's state control and Russia's disinformation tools, while noting Saudi Arabia's sovereign AI as a neutral alternative. (Source: AI Now Institute 2025)",2025
2025-06-01,"ITIF - China Outpacing U.S. R&D Spending Report. ITIF urged $1B for NSF's TIP program to counter China's 2x R&D growth, emphasizing U.S.-Japan-India partnerships against Russia's low-innovation military AI focus. (Source: ITIF 2025 Reports)",2025
2025-07-01,"State of AI Report 2025 (Nathan Benaich Edition). This practitioner-reviewed report tracked U.S. breakthroughs in agents, contrasting China's open-source leaps (e.g., Kimi K2) and Japan's agile robotics, with minimal Russia/Saudi mentions. (Source: State of AI 2025)",2025
2025-07-01,"White House - America's AI Action Plan. The plan outlined deregulation and $320B Big Tech investments, targeting China's patent dominance and Russia's cyber risks, with Saudi Arabia's Transcendence as a key U.S. deal. (Source: White House OSTP 2025)",2025
2025-07-31,Palantir awarded Army Enterprise Service Agreement consolidating 75 contracts into single enterprise agreement for software and data needs - largest single defense AI contract,2025
2025-08-01,"National Academies - Gilbert W. Beebe Symposium: AI and ML in Radiation Therapy Report. Proceedings on AI in health diagnostics benchmarked U.S. tools against China's bio predictions and Japan's precision robotics, warning of Russia's dual-use health AI threats. (Source: National Academies Press 2025)",2025
2025-09-01,"MIT Sloan - Five Trends in AI and Data Science for 2025 Report. MIT highlighted U.S. agentic AI hype (68% IT leaders investing), vs. China's pattern recognition focus and Japan's multi-sensory learning, noting Saudi data partnerships. (Source: MIT Sloan Management Review 2025)",2025
2025-09-25,Palantir awarded ICE ImmigrationOS renewal task order for software license and O&M support,2025
2025-10-01,"RAND - The AGI Race and International Security Perspectives. Experts warned of AGI arms races, with U.S. needing norms against China's scale and Russia's instability, advocating Japan-led standards for stability. (Source: RAND PE-A4155-1 2025)",2025
2025-10-01,"CSET - U.S. AI Statecraft: From Gulf Deals to International Framework Report. CSET examined U.S.-Saudi/UAE pacts ($100B+), addressing diversion risks from China and Russia, while praising Japan-Netherlands chip controls as allied models. (Source: CSET 2025 Publications)",2025
2025-11-01,"White House OSTP - 2025 National AI R&D Strategic Plan. Updating 2023 plans, it prioritized $2B+ in non-commercial AI, countering China's 2030 goals and Russia's warfare AI, with Japan/Saudi collaborations on datasets. (Source: OSTP 2025)",2025
2025-11-01,"Stanford HAI - AI Index 2025 Policy Highlights Summary. A curated overview for policymakers noted U.S. investment leads ($109B private) but China's optimism (83% public approval) and Saudi's $100B push, urging Russia-focused cyber norms. (Source: Stanford HAI 2025) These timelines capture 2025's deregulatory fervor and infrastructure boom in U.S. AI reports, framing China as the scaling peer, Russia as the disruptor, Japan as the hardware ally, and Saudi Arabia as the strategic investor amid U.S.-Gulf deals. For full texts, consult the cited sources.",2025
2025-11-13,"Russia's first AI-powered humanoid robot, AIDOL (77% domestically built), collapses onstage during its Moscow debut due to calibration and lighting issues, highlighting challenges in robotics amid sanctions but underscoring ambitions for manufacturing and public-service applications.",2025
2025-11-13,"Chinese AI models from Alibaba, Z.ai, Moonshot, and MiniMax gain rapid adoption in Silicon Valley startups, offering cost-effective open-source alternatives that challenge U.S. Big Tech dominance and evade chip export controls.",2025
2025-11-13,"Baidu unveils a massive 30,000-chip cluster using its third-generation Kunlun P800 AI processors, achieving performance on par with Nvidia's A100 and Huawei's 910B, accelerating China's domestic chip self-sufficiency.",2025
2025-11-18,"Tsinghua University surges ahead in global AI patent filings, outpacing U.S. institutions like Stanford and MIT, fueled by breakthroughs from alumni-founded startups like DeepSeek and government-backed R&D, solidifying China's lead in AI innovation metrics.",2025
2025-11-19,"Humain, AMD, and Cisco form a joint venture for AI data centers in the Middle East, starting with a 100-megawatt facility contracted to generative video startup Luma AI, backed by Saudi's sovereign wealth fund.",2025
2025-11-19,"U.S.-Saudi AI Memorandum of Understanding grants Riyadh access to American tech systems and advanced computing chips, while Saudi Arabia commits to linking its energy resources to U.S. AI infrastructure demands.",2025
2025-11-19,"At the AI Journey conference, Putin mandates a national generative AI implementation plan by March 2026 for federal, sectoral, and regional levels, showcasing Sberbank's upgraded GigaChat and Yandex GPT models to Putin, alongside AI-powered products like humanoid robots and health ATMs.",2025
2025-11-19,"New research reveals Chinese-born engineers continue to drive over 30% of U.S. AI breakthroughs, underscoring the critical role of Chinese talent in Silicon Valley despite escalating U.S.-China tech tensions and immigration restrictions.",2025
2025-11-19,"Saudi Arabia partners with NVIDIA and SDAIA to deploy up to 5,000 Blackwell GPUs for a sovereign AI factory, enabling smart city solutions and training thousands of developers to support Vision 2030's digital leadership goals.",2025
2025-11-20,"State Duma forms an inter-factional AI working group with over 50 experts to address risks like security threats and algorithm biases, emphasizing digital sovereignty as a core political and technological priority in global rivalry.",2025
2025-11-21,"SDAIA inks seven strategic agreements with U.S. tech giants at the Saudi-U.S. Investment Forum, enhancing AI capabilities in data governance, cloud computing, and innovation to accelerate digital transformation across sectors.",2025
2025-11-23,"President Putin confirms establishment of a national AI task force to drive sovereign generative models and advanced autonomous drones, targeting 11 trillion rubles ($136B) GDP contribution by 2030 through data centers and small nuclear power integration, reducing foreign dependency.",2025
2025-11-24,"Alibaba stages a major comeback in the AI arena, leveraging its Qwen large language models and cloud infrastructure to drive revenue growth and position itself as a frontrunner in China's AI race against U.S. rivals, despite earlier regulatory hurdles from Beijing.",2025
2025-11-24,"Sberbank's First Deputy CEO Alexander Vedyakhin declares AI as a ""nuclear-like"" geopolitical force, positioning Russia among seven nations with homegrown models; the bank plans to open-source advanced LLMs for commercial use while estimating 40 trillion rubles ($506B) needed for AI power infrastructure over 16 years.",2025
2025-11-24,"Saudi Arabia secures a U.S. deal for advanced AI chips during Crown Prince Mohammed bin Salman's White House visit, exchanging billions in investments into American tech firms for export licenses, positioning the Kingdom as a key U.S. ally in the global AI race.",2025
2025-12-01,Palantir awarded Navy ShipOS contract for AI-driven maintenance and logistics platform for submarine fleet deployed across shipbuilders and suppliers,2025
