date,event,category,snippet,source,link
2026-01-09,The CRINK supremacy: WWII-era military power flipped as ...,Military_Security,"The CRINK supremacy: WWII-era military power flipped as Global South powers take over · Axis: Germany 94,000; Japan 50,000; Italy 10,000. Total: 154,000 (25%).",intellinews.com,https://www.intellinews.com/the-crink-supremacy-wwii-era-military-power-flipped-as-global-south-powers-take-over-419045/?source=russia
2025-12-22,CRINK attacks: which nation state hackers will be ...,Cyber_Security,"Going into 2026, the landscape is shifting slightly, so which of the CRINK attackers is the biggest threat to businesses? China in the lead. Experts concur that ...",itpro.com,https://www.itpro.com/security/cyber-attacks/crink-attacks-nation-state-hackers--threat-2026
2025-12-17,Beyond alignment: Moving the NATO–IP4 partnership ...,Analysis,"The China-Russia-Iran-North Korea security axis has demonstrated the potential of transregional coordination, building a defence network that, as previously ...",ussc.edu.au,https://www.ussc.edu.au/beyond-alignment-moving-the-nato-ip4-partnership-forward
2025-12-09,The Missing War: Why the 2025 NSS Needs a Political ...,Military_Security,The 2025 NSS names U.S. priorities but misses the central threat: coordinated CRInK political warfare ... China. Russia. Iran. north Korea. The Dark Quad. The ...,smallwarsjournal.com,https://smallwarsjournal.com/2025/12/09/missing-war/
2025-11-25,"A New CRINK Axis of China, Russia, Iran and North Korea?",Military_Security,"Edward Howell explains why while the CRINK Axis might not be a strategic alliance, it remains a big deal. ... CRINK axis or an ""Axis of ...",csis.org,https://www.csis.org/special-initiatives/CRINK-Axis
2025-11-24,"Whilst Not a Strategic Alliance, the CRINK Axis Remains ...",Military_Security,"Edward Howell explains why while the CRINK Axis might not be a strategic alliance, it remains a big deal.",csis.org,https://www.csis.org/analysis/whilst-not-strategic-alliance-crink-axis-remains-big-deal
2025-11-24,CRINK in 10 Charts,Analysis,"A New CRINK Axis of China, Russia, Iran and North Korea? Related Content. Image. Photo: Sergey Bobylev / RIA Novosti/Anadolu/Getty Images. CRINK Diplomatic ...",csis.org,https://www.csis.org/analysis/crink-10-charts
2025-11-12,The U.S. and democracies around the world must stand ...,Cyber_Security,"The U.S. must accelerate efforts to combat global cyberthreats from CRINK. By: Igor Khrestin · Nov 12, 2025. Ecuador's constitutional referendum may grant the ...",bushcenter.org,https://www.bushcenter.org/publications/the-u-s-and-democracies-around-the-world-must-stand-with-the-people-of-iran/
2025-11-10,Chinese–Iranian Defense - Seven Sons and Mullahs - INSS,Military_Security,"... axis-of-upheaval; and of CSIS, under “A New CRINK Axis of China, Russia, Iran and North Korea?,” ... CRINK – geopolitical grouping of China, Russia, Iran ...",inss.org.il,https://www.inss.org.il/wp-content/uploads/2025/11/special-publication-101125-1.pdf
2025-11-07,Congress eyes whole-of-government plan to disrupt ...,Military_Security,"Experts have warned that authoritarian regimes in China, Russia, Iran and North Korea are working more closely on activities to defy America.",defensescoop.com,https://defensescoop.com/2025/11/07/congress-disrupt-act-china-russia-iran-north-korea/
2025-11-06,The Tehran–Moscow–Beijing Triangle - JISS,Analysis,"When North Korea is added to this bloc, it is referred to as CRINK (China – Russia – Iran – North Korea). The shared interest in fostering a multipolar world ...",jiss.org.il,https://jiss.org.il/en/lappinthe-tehran-moscow-beijing-triangle/
2025-11-05,Unpacking the CRINK Axis,Analysis,"... held a discussion unpacking the growing ties among China, Russia, Iran and North Korea, which some have called a CRINK axis or an “Axis of Upheaval.”",csis.org,https://www.csis.org/analysis/unpacking-crink-axis
2025-10-28,Unpacking the CRINK Axis | CSIS Events,Analysis,"Join the CSIS Korea Chair for a discussion unpacking the growing ties among China, Russia, Iran and North Korea, which some have called a CRINK axis or an ""Axis",csis.org,https://www.csis.org/events/unpacking-crink-axis
2025-10-23,The CRINK: Inside the new bloc supporting Russia's war ...,Military_Security,"Recent developments suggest that the CRINK could be developing into a bloc. As noted earlier, Xi hosted the leaders of North Korea, Iran, and Russia for the ...",atlanticcouncil.org,https://www.atlanticcouncil.org/content-series/russia-tomorrow/the-crink-inside-the-new-bloc-supporting-russias-war-against-ukraine/
2025-10-20,The UK's National Security Strategy in the Middle East,Analysis,"CSIS has gathered data to assess the growing security, economic, and diplomatic ties between the so-called CRINK axis of China, Russia, Iran, and North Korea.",csis.org,https://www.csis.org/analysis/uks-national-security-strategy-middle-east
2025-10-08,"Trilateral Momentum Between China, Russia, and North ...",Analysis,"A CSIS analysis of CRINK (China, Russia, Iran, North Korea) cooperation notes that between 2003 and 2021 there were around 61 joint exercises. After the ...",behorizon.org,https://behorizon.org/trilateral-momentum-between-china-russia-and-north-korea/
2025-10-05,Inside the new bloc supporting Russia's war against Ukraine,Military_Security,"Some analysts, on the other hand, have argued that the CRINK represents a new. “Axis of Upheaval.” “The group is not an exclusive bloc and certainly not an ...",atlanticcouncil.org,https://www.atlanticcouncil.org/wp-content/uploads/2025/10/the-crink-inside-the-new-bloc-supporting-russias-war-against-ukraine.pdf
2025-10-02,Korea Chair Platform | Analysis,Analysis,"Edward Howell explains why while the CRINK Axis might not be a strategic alliance, it remains a big deal. Newsletter by Edward Howell ...",csis.org,https://www.csis.org/programs/korea-chair/analysis/korea-chair-platform
2025-09-30,"CRINK Security Ties: Growing Cooperation, Anchored ...",Analysis,"A New CRINK Axis of China, Russia, Iran and North Korea? China Power Project · Geopolitics and Foreign Policy. Related Content. Image. Photo: PAVEL BYRKIN ...",csis.org,https://www.csis.org/analysis/crink-security-ties-growing-cooperation-anchored-china-and-russia
2025-09-26,CRINK Diplomatic Ties: A Broader Tilt Toward the Global ...,Analysis,"The assessed UNGA resolutions focused on topics of particular interest to the CRINK axis ... A New CRINK Axis of China, Russia, Iran and North Korea? Related ...",csis.org,https://www.csis.org/analysis/crink-diplomatic-ties-broader-tilt-toward-global-south
2025-09-23,Why 2026 could be one of the most pivotal years in a ...,Analysis,"This alliance of countries, China-Russia-Iran-North Korea (CRINK), is not just symbolic. It's actively shaping global realities in opposition to the United ...",cnn.com,https://www.cnn.com/2025/09/23/politics/unga-2026-pivotal-year-mcgurk-analysis
2025-09-16,CRINK Security Ties,Analysis,"and cooperation among CRINK countries, prompting some to dub them the “axis of upheaval” or “axis of authori- · tarianism.” This brief explores available ...",jstor.org,https://www.jstor.org/stable/resrep72442
2025-09-15,The Axis of Upheaval? China's Limits in an An7-Western Bloc,Analysis,"While countries within the so-called “Axis of Upheaval” may cause. Page 5. disruption individually, internal differences will prevent them from mounting a ...",rsis.edu.sg,https://rsis.edu.sg/wp-content/uploads/2025/09/IP25090.pdf
2025-09-04,CRINK Economic Ties: Uneven Patterns of Collaboration,Analysis,"A New CRINK Axis of China, Russia, Iran and North Korea? Europe, Russia, and Eurasia Program · Geopolitics and Foreign Policy. Related Content. Image. Photo ...",csis.org,https://www.csis.org/analysis/crink-economic-ties-uneven-patterns-collaboration
2025-09-02,"IL RAPPORTO CON LE AUTOCRAZIE: CINA, RUSSIA ...",Analysis,"come CRINK (China, Russia, Iran, North Korea) o “asse del male” (un twist ... Fontaine, “The Axis of Upheaval. How America's Adversaries Are Uniting to ...",esteri.it,https://www.esteri.it/wp-content/uploads/2025/09/ISPI-Comunita_Il-rapporto-con-le-autocrazie.pdf
2025-08-26,CRINK,Analysis,"CRINK: China, Russia, Iran, North Korea. According to analysts, the loose alliance generally represented itself in diplomatic addresses and public statements ...",en.wikipedia.org,https://en.wikipedia.org/wiki/CRINK
2025-07-18,CRINK: The Strategic Limits of the New “Axis of Upheaval”,Analysis,"Stepwise Risk Outlook | July 18, 2025. CRINK: The Strategic Limits of the New “Axis of Upheaval”. Author. Anni Coonan · China, Russia, Iran, North Korea ...",steptoe.com,https://www.steptoe.com/en/news-publications/stepwise-risk-outlook/crink-the-strategic-limits-of-the-new-axis-of-upheaval.html
2025-07-06,China and Russia Keep Their Distance From Iran During ...,Analysis,"“Yes, there is probably a very modest amount of coordination among China, North Korea, Iran and Russia — in the sense that they talk with each other and ...",nytimes.com,https://www.nytimes.com/2025/07/06/us/politics/axis-china-russia-iran-north-korea.html
2025-04-22,Reshaping Global Order: The CRINK Alliance and ...,Analysis,"Among the most notable of these coalitions is CRINK—an acronym for China, Russia, Iran, and North Korea. While not a formal alliance, the coalition's ...",hornreview.org,https://hornreview.org/2025/04/22/reshaping-global-order-the-crink-alliance-and-the-push-for-multipolarity/
2025-03-05,THE RISE OF ASIA IN GLOBAL HISTORY AND ...,Analysis,CRINK: Axis of Upheaval or an Alternative to the. Western International Order? P. Devender. KUMAR. Geopolitical Rivalry for Outer-Space: Challenges and ...,bandungspirit.org,https://bandungspirit.org/IMG/pdf/complete_booklet.pdf
2025-02-22,10 clusters / 147 persons / 135 abstracts / 58P+77V,Analysis,CRINK: Axis of Upheaval or an Alternative to the. Western International Order? P. Devender. KUMAR. Geopolitical Rivalry for Outer-Space: Challenges and ...,bandungspirit.org,https://bandungspirit.org/IMG/pdf/abstract_list_and_grouping.pdf
2025-02-04,Lessons from Ukraine and Challenges for European Security,Analysis,"Policymakers must recognize that the emerging partnership of the “quartet of chaos” is neither tactical, nor opportunistic—it represents a deliberate alignment ...",ants.org.ua,https://ants.org.ua/wp-content/uploads/2025/02/bryf-final.pdf
2025-01-13,"Countering the China, Russia, Iran, North Korea Challenge",Analysis,"Policy Recommendation January 13, 2025. Countering the China, Russia, Iran, North Korea Challenge. By. Learn more about Chris Walsh. Chris Walsh. Director ...",bushcenter.org,https://www.bushcenter.org/publications/countering-crink
2025-01-01,A guerra na Ucrânia e a ordem de segurança europeia - IPRI,Analysis,"KENDALL-TAYLOR, Andrea; FONTAINE,. Richard – «The axis of upheaval: how. America's adversaries are uniting to overturn the global order». In Foreign. Affairs.",ipri.unl.pt,https://ipri.unl.pt/images/publicacoes/revista_ri/pdf/RI84/RI_84_NET_Patricia_Daehnhardt.pdf
